Job Filing Number,Filing Status,Filing Date,House No,Street Name,Borough,Block,LOT,Bin,Job Description,Filing Review Type,guid,filing_status,doc_description,doc_name,doc_url_original,download_url,result_status,error_body,zoning_status,doc_create_on,doc_category,doc_type_name,doc_status_label
Q00848877-I1,,,35-16 GAR,CORPORAL STONE STREET,QUEENS,6173,26,4624658,"NEW ONE CAR GARAGE, OBTAIN C OF O.",Professional Certification,4f6d0814-97c9-ed11-a917-005056b0044a,38,DEP: Sewer Certification (Sanitary/Storm),DEP: Sewer Certification (Sanitary/Storm),http://bscan-broker.csc.nycnet:18080/dctm-rest/repositories/bscan_prod_rep/documents/0900303985755297,,FILTERED,,HAS ZONING DOCUMENTS,2023-03-23,Supporting Documents,DEP: Sewer Certification (Sanitary/Storm),Accepted
Q00848877-I1,,,35-16 GAR,CORPORAL STONE STREET,QUEENS,6173,26,4624658,"NEW ONE CAR GARAGE, OBTAIN C OF O.",Professional Certification,4f6d0814-97c9-ed11-a917-005056b0044a,38,Final Survey,Final Survey,http://bscan-broker.csc.nycnet:18080/dctm-rest/repositories/bscan_prod_rep/documents/09003039864ef39e,,FILTERED,,HAS ZONING DOCUMENTS,2023-03-23,Supporting Documents,Final Survey,Accepted
Q00848877-I1,,,35-16 GAR,CORPORAL STONE STREET,QUEENS,6173,26,4624658,"NEW ONE CAR GARAGE, OBTAIN C OF O.",Professional Certification,4f6d0814-97c9-ed11-a917-005056b0044a,38,House Number Verification: TOPO Stamp,House Number Verification: TOPO Stamp,http://bscan-broker.csc.nycnet:18080/dctm-rest/repositories/bscan_prod_rep/documents/090030398692206e,,FILTERED,,HAS ZONING DOCUMENTS,2023-03-23,Supporting Documents,House Number Verification: TOPO Stamp,Accepted
Q00848877-I1,,,35-16 GAR,CORPORAL STONE STREET,QUEENS,6173,26,4624658,"NEW ONE CAR GARAGE, OBTAIN C OF O.",Professional Certification,4f6d0814-97c9-ed11-a917-005056b0044a,38,Site Survey: Initial,Site Survey: Initial,http://bscan-broker.csc.nycnet:18080/dctm-rest/repositories/bscan_prod_rep/documents/0900303985755308,,FILTERED,,HAS ZONING DOCUMENTS,2023-03-23,Supporting Documents,Site Survey: Initial,Accepted
Q00848877-I1,,,35-16 GAR,CORPORAL STONE STREET,QUEENS,6173,26,4624658,"NEW ONE CAR GARAGE, OBTAIN C OF O.",Professional Certification,4f6d0814-97c9-ed11-a917-005056b0044a,38,Street Tree Checklist,Street Tree Checklist,http://bscan-broker.csc.nycnet:18080/dctm-rest/repositories/bscan_prod_rep/documents/0900303985755304,,FILTERED,,HAS ZONING DOCUMENTS,2023-03-23,Supporting Documents,Street Tree Checklist,Accepted
Q00848877-I1,,,35-16 GAR,CORPORAL STONE STREET,QUEENS,6173,26,4624658,"NEW ONE CAR GARAGE, OBTAIN C OF O.",Professional Certification,4f6d0814-97c9-ed11-a917-005056b0044a,38,ZD1: DOB Zoning Diagram,ZD1: DOB Zoning Diagram,http://bscan-broker.csc.nycnet:18080/dctm-rest/repositories/bscan_prod_rep/documents/090030398598dfe2,https://a810-DOBNOW.nyc.gov/Publish/DocumentStage//PortalDownloadedDocuments/QUEENS/TEST//202608051017455721940386859/ZD1 DOB Zoning Diagram.pdf,OK,,HAS ZONING DOCUMENTS,2023-03-23,Supporting Documents,ZD1: DOB Zoning Diagram,Accepted
Q00848877-I1,,,35-16 GAR,CORPORAL STONE STREET,QUEENS,6173,26,4624658,"NEW ONE CAR GARAGE, OBTAIN C OF O.",Professional Certification,4f6d0814-97c9-ed11-a917-005056b0044a,38,Local Law 92/94 of 2019 Sustainable Roof Zone,Local Law 92/94 of 2019 Sustainable Roof Zone,http://bscan-broker.csc.nycnet:18080/dctm-rest/repositories/bscan_prod_rep/documents/090030398575530a,,FILTERED,,HAS ZONING DOCUMENTS,2023-03-23,Supporting Documents,Local Law 92/94 of 2019 Sustainable Roof Zone,Accepted
Q00848877-I1,,,35-16 GAR,CORPORAL STONE STREET,QUEENS,6173,26,4624658,"NEW ONE CAR GARAGE, OBTAIN C OF O.",Professional Certification,4f6d0814-97c9-ed11-a917-005056b0044a,38,Property Ownership Certification,Property Ownership Certification,http://bscan-broker.csc.nycnet:18080/dctm-rest/repositories/bscan_prod_rep/documents/090030398575532a,,FILTERED,,HAS ZONING DOCUMENTS,2023-03-23,Supporting Documents,Property Ownership Certification,Accepted
Q00848877-I1,,,35-16 GAR,CORPORAL STONE STREET,QUEENS,6173,26,4624658,"NEW ONE CAR GARAGE, OBTAIN C OF O.",Professional Certification,4f6d0814-97c9-ed11-a917-005056b0044a,38,PD1 Document,PD1 Document,http://bscan-broker.csc.nycnet:18080/dctm-rest/repositories/bscan_prod_rep/documents/090030398575530c,,FILTERED,,HAS ZONING DOCUMENTS,2023-03-23,Supporting Documents,PD1 Document,Accepted
Q00848877-I1,,,35-16 GAR,CORPORAL STONE STREET,QUEENS,6173,26,4624658,"NEW ONE CAR GARAGE, OBTAIN C OF O.",Professional Certification,4f6d0814-97c9-ed11-a917-005056b0044a,38,Other Documents  - ZONING EXHIBIT 1,Other Documents  - ZONING EXHIBIT 1,http://bscan-broker.csc.nycnet:18080/dctm-rest/repositories/bscan_prod_rep/documents/0900303985887472,,FILTERED,,HAS ZONING DOCUMENTS,2023-04-28,Supporting Documents,Other Documents - Prior to Approval,Accepted
Q00848877-I1,,,35-16 GAR,CORPORAL STONE STREET,QUEENS,6173,26,4624658,"NEW ONE CAR GARAGE, OBTAIN C OF O.",Professional Certification,4f6d0814-97c9-ed11-a917-005056b0044a,38,ZD1: DOB Zoning Diagram,ZD1: DOB Zoning Diagram,http://bscan-broker.csc.nycnet:18080/dctm-rest/repositories/bscan_prod_rep/documents/0900303985980f31,https://a810-DOBNOW.nyc.gov/Publish/DocumentStage//PortalDownloadedDocuments/QUEENS/TEST//20260805101827748393447048/ZD1 DOB Zoning Diagram_5dd5a0439e.pdf,OK,,HAS ZONING DOCUMENTS,05/26/2023,Supporting Documents,ZD1: DOB Zoning Diagram,Submitted
Q00848877-I1,,,35-16 GAR,CORPORAL STONE STREET,QUEENS,6173,26,4624658,"NEW ONE CAR GARAGE, OBTAIN C OF O.",Professional Certification,4f6d0814-97c9-ed11-a917-005056b0044a,38,ZD1: DOB Zoning Diagram,ZD1: DOB Zoning Diagram,http://bscan-broker.csc.nycnet:18080/dctm-rest/repositories/bscan_prod_rep/documents/09003039859887e9,https://a810-DOBNOW.nyc.gov/Publish/DocumentStage//PortalDownloadedDocuments/QUEENS/TEST//202608051018593601807014835/ZD1 DOB Zoning Diagram_23fb6c35b0.pdf,OK,,HAS ZONING DOCUMENTS,05/30/2023,Supporting Documents,ZD1: DOB Zoning Diagram,Superseded
Q00848877-I1,,,35-16 GAR,CORPORAL STONE STREET,QUEENS,6173,26,4624658,"NEW ONE CAR GARAGE, OBTAIN C OF O.",Professional Certification,4f6d0814-97c9-ed11-a917-005056b0044a,38,ZD1: DOB Zoning Diagram,ZD1: DOB Zoning Diagram,http://bscan-broker.csc.nycnet:18080/dctm-rest/repositories/bscan_prod_rep/documents/090030398590a5e9,https://a810-DOBNOW.nyc.gov/Publish/DocumentStage//PortalDownloadedDocuments/QUEENS/TEST//2026080510193260077609584/ZD1 DOB Zoning Diagram_bccaa3886c.pdf,OK,,HAS ZONING DOCUMENTS,05/26/2023,Supporting Documents,ZD1: DOB Zoning Diagram,Submitted
Q00848877-I1,,,35-16 GAR,CORPORAL STONE STREET,QUEENS,6173,26,4624658,"NEW ONE CAR GARAGE, OBTAIN C OF O.",Professional Certification,4f6d0814-97c9-ed11-a917-005056b0044a,38,ZD1: DOB Zoning Diagram,ZD1: DOB Zoning Diagram,http://bscan-broker.csc.nycnet:18080/dctm-rest/repositories/bscan_prod_rep/documents/0900303985755307,https://a810-DOBNOW.nyc.gov/Publish/DocumentStage//PortalDownloadedDocuments/QUEENS/TEST//202608051020065782006313173/ZD1 DOB Zoning Diagram_546ad77fe2.pdf,OK,,HAS ZONING DOCUMENTS,05/12/2023,Supporting Documents,ZD1: DOB Zoning Diagram,Submitted
B00738255-P1,,,5995,SHORE PARKWAY,BROOKLYN,8329,225,3331440,"brickwork restoration per plans herewith. no change in use, egress or occupancy under this application.",Standard Plan Examination or Review,b9859cd5-3509-ed11-a3ed-005056b0fc6c,6,Fee Exempt Supporting Document - DOF Property Tax Assessment Roll,Fee Exempt Supporting Document - DOF Property Tax Assessment Roll,http://bscan-broker.csc.nycnet:18080/dctm-rest/repositories/bscan_prod_rep/documents/0900303984d4e3f4,,FILTERED,,NO ZONING DOCUMENTS,2022-07-21,Supporting Documents,Fee Exempt Supporting Document - DOF ACRIS report or BIB letter,Accepted
B00738255-P1,,,5995,SHORE PARKWAY,BROOKLYN,8329,225,3331440,"brickwork restoration per plans herewith. no change in use, egress or occupancy under this application.",Standard Plan Examination or Review,b9859cd5-3509-ed11-a3ed-005056b0fc6c,6,DEP ACP-5: Asbestos Assessment Report,DEP ACP-5: Asbestos Assessment Report,http://bscan-broker.csc.nycnet:18080/dctm-rest/repositories/bscan_prod_rep/documents/0900303984f7d728,,FILTERED,,NO ZONING DOCUMENTS,2022-07-21,Supporting Documents,DEP ACP-5: Asbestos Assessment Report,Accepted
M01110102-I1,,,224,EAST   47 STREET,MANHATTAN,1320,34,1037605,"REINFORCEMENT OF EXISTING STRUCTURAL BEAMS ON 2ND FLOOR AND REINFORCEMENT OF SUB-CELLAR MECHANICAL ROOM COLUMNS . NO CHANGE IN USE, EGRESS, OR OCCUPANCY.",Professional Certification,cdf79e9d-7a70-ef11-a4a1-005056b09d5b,22,Fee Exempt Supporting Document - DOF Property Tax Assessment Roll,Fee Exempt Supporting Document - DOF Property Tax Assessment Roll,http://bscan-broker.csc.nycnet:18080/dctm-rest/repositories/bscan_prod_rep/documents/0900303986bba84e,,FILTERED,,NO ZONING DOCUMENTS,2024-09-11,Supporting Documents,Fee Exempt Supporting Document - DOF ACRIS report or BIB letter,Accepted
M01110102-I1,,,224,EAST   47 STREET,MANHATTAN,1320,34,1037605,"REINFORCEMENT OF EXISTING STRUCTURAL BEAMS ON 2ND FLOOR AND REINFORCEMENT OF SUB-CELLAR MECHANICAL ROOM COLUMNS . NO CHANGE IN USE, EGRESS, OR OCCUPANCY.",Professional Certification,cdf79e9d-7a70-ef11-a4a1-005056b09d5b,22,DEP ACP-5: Asbestos Assessment Report,DEP ACP-5: Asbestos Assessment Report,http://bscan-broker.csc.nycnet:18080/dctm-rest/repositories/bscan_prod_rep/documents/0900303986f69828,,FILTERED,,NO ZONING DOCUMENTS,2024-09-11,Supporting Documents,DEP ACP-5: Asbestos Assessment Report,Accepted
M01110102-I1,,,224,EAST   47 STREET,MANHATTAN,1320,34,1037605,"REINFORCEMENT OF EXISTING STRUCTURAL BEAMS ON 2ND FLOOR AND REINFORCEMENT OF SUB-CELLAR MECHANICAL ROOM COLUMNS . NO CHANGE IN USE, EGRESS, OR OCCUPANCY.",Professional Certification,cdf79e9d-7a70-ef11-a4a1-005056b09d5b,22,Other Documents  - AI1 - M01110102-P1,Other Documents  - AI1 - M01110102-P1,http://bscan-broker.csc.nycnet:18080/dctm-rest/repositories/bscan_prod_rep/documents/0900303986f69827,,FILTERED,,NO ZONING DOCUMENTS,2025-01-16,Supporting Documents,Other Documents - Prior to Approval,Accepted
X01130339-P5,,,2055,MAPES AVENUE,BRONX,3109,1,2012957,Media Center-Art/Visual/Music/Recording/Hearing/Technology/Sound Bearing Partition/Gypsum Suspended Ceiling/New Entry Door/2X4 Lay-In Ceiling Tile/ New Furniture/New Carpet w Sound Proofing/ All new technology/Partial Roof work exhaust/intake penetration.,Standard Plan Examination or Review,00c703ac-097a-f011-a486-005056b04135,6,Design Commission Approval City Owned (Exterior Work),Design Commission Approval City Owned (Exterior Work),http://bscan-broker.csc.nycnet:18080/dctm-rest/repositories/bscan_prod_rep/documents/0900303986cdd4bf,,FILTERED,,NO ZONING DOCUMENTS,2025-08-15,Supporting Documents,Design Commission Approval City Owned (Exterior Work),Accepted
X01130339-P5,,,2055,MAPES AVENUE,BRONX,3109,1,2012957,Media Center-Art/Visual/Music/Recording/Hearing/Technology/Sound Bearing Partition/Gypsum Suspended Ceiling/New Entry Door/2X4 Lay-In Ceiling Tile/ New Furniture/New Carpet w Sound Proofing/ All new technology/Partial Roof work exhaust/intake penetration.,Standard Plan Examination or Review,00c703ac-097a-f011-a486-005056b04135,6,Fee Exempt Supporting Document - DOF Property Tax Assessment Roll,Fee Exempt Supporting Document - DOF Property Tax Assessment Roll,http://bscan-broker.csc.nycnet:18080/dctm-rest/repositories/bscan_prod_rep/documents/0900303986cdd4bd,,FILTERED,,NO ZONING DOCUMENTS,2025-08-15,Supporting Documents,Fee Exempt Supporting Document - DOF ACRIS report or BIB letter,Accepted
X01052403-I1,,,858,EAST 223 STREET,BRONX,4847,65,2063767,NEW 3 FAMILY DWELLING,Standard Plan Examination or Review,fbaad6f5-9513-ef11-a958-005056b0044a,22,DEP: Sewer Certification (Sanitary/Storm),DEP: Sewer Certification (Sanitary/Storm),http://bscan-broker.csc.nycnet:18080/dctm-rest/repositories/bscan_prod_rep/documents/0900303986fe072c,,FILTERED,,HAS ZONING DOCUMENTS,2024-05-16,Supporting Documents,DEP: Sewer Certification (Sanitary/Storm),Accepted
X01052403-I1,,,858,EAST 223 STREET,BRONX,4847,65,2063767,NEW 3 FAMILY DWELLING,Standard Plan Examination or Review,fbaad6f5-9513-ef11-a958-005056b0044a,22,House Number Verification: TOPO Stamp,House Number Verification: TOPO Stamp,http://bscan-broker.csc.nycnet:18080/dctm-rest/repositories/bscan_prod_rep/documents/0900303986a32b64,,FILTERED,,HAS ZONING DOCUMENTS,2024-05-16,Supporting Documents,House Number Verification: TOPO Stamp,Accepted
X01052403-I1,,,858,EAST 223 STREET,BRONX,4847,65,2063767,NEW 3 FAMILY DWELLING,Standard Plan Examination or Review,fbaad6f5-9513-ef11-a958-005056b0044a,22,Site Survey: Initial,Site Survey: Initial,http://bscan-broker.csc.nycnet:18080/dctm-rest/repositories/bscan_prod_rep/documents/0900303986a32b9e,,FILTERED,,HAS ZONING DOCUMENTS,2024-05-16,Supporting Documents,Site Survey: Initial,Accepted
X01052403-I1,,,858,EAST 223 STREET,BRONX,4847,65,2063767,NEW 3 FAMILY DWELLING,Standard Plan Examination or Review,fbaad6f5-9513-ef11-a958-005056b0044a,22,Street Tree Checklist,Street Tree Checklist,http://bscan-broker.csc.nycnet:18080/dctm-rest/repositories/bscan_prod_rep/documents/0900303986a32b9f,,FILTERED,,HAS ZONING DOCUMENTS,2024-05-16,Supporting Documents,Street Tree Checklist,Accepted
X01052403-I1,,,858,EAST 223 STREET,BRONX,4847,65,2063767,NEW 3 FAMILY DWELLING,Standard Plan Examination or Review,fbaad6f5-9513-ef11-a958-005056b0044a,22,ZD1: DOB Zoning Diagram,ZD1: DOB Zoning Diagram,http://bscan-broker.csc.nycnet:18080/dctm-rest/repositories/bscan_prod_rep/documents/0900303986fe072f,https://a810-DOBNOW.nyc.gov/Publish/DocumentStage//PortalDownloadedDocuments/BRONX/TEST//20260805122930876783648671/ZD1 DOB Zoning Diagram_a764dd084b.pdf,OK,,HAS ZONING DOCUMENTS,2024-05-16,Supporting Documents,ZD1: DOB Zoning Diagram,Accepted
X01052403-I1,,,858,EAST 223 STREET,BRONX,4847,65,2063767,NEW 3 FAMILY DWELLING,Standard Plan Examination or Review,fbaad6f5-9513-ef11-a958-005056b0044a,22,Zoning Exhibit form (1-5),Zoning Exhibit form (1-5),http://bscan-broker.csc.nycnet:18080/dctm-rest/repositories/bscan_prod_rep/documents/0900303986a32ba2,,FILTERED,,HAS ZONING DOCUMENTS,2024-08-15,Supporting Documents,Zoning Exhibit form (1-5),Accepted
X01052403-I1,,,858,EAST 223 STREET,BRONX,4847,65,2063767,NEW 3 FAMILY DWELLING,Standard Plan Examination or Review,fbaad6f5-9513-ef11-a958-005056b0044a,22,Local Law 92/94 of 2019 Sustainable Roof Zone,Local Law 92/94 of 2019 Sustainable Roof Zone,http://bscan-broker.csc.nycnet:18080/dctm-rest/repositories/bscan_prod_rep/documents/0900303987a536e2,,FILTERED,,HAS ZONING DOCUMENTS,2024-05-16,Supporting Documents,Local Law 92/94 of 2019 Sustainable Roof Zone,Accepted
X01052403-I1,,,858,EAST 223 STREET,BRONX,4847,65,2063767,NEW 3 FAMILY DWELLING,Standard Plan Examination or Review,fbaad6f5-9513-ef11-a958-005056b0044a,22,Property Ownership Certification,Property Ownership Certification,http://bscan-broker.csc.nycnet:18080/dctm-rest/repositories/bscan_prod_rep/documents/0900303986a32ba5,,FILTERED,,HAS ZONING DOCUMENTS,2024-05-16,Supporting Documents,Property Ownership Certification,Accepted
X01052403-I1,,,858,EAST 223 STREET,BRONX,4847,65,2063767,NEW 3 FAMILY DWELLING,Standard Plan Examination or Review,fbaad6f5-9513-ef11-a958-005056b0044a,22,SOIL REPORT,SOIL REPORT,http://bscan-broker.csc.nycnet:18080/dctm-rest/repositories/bscan_prod_rep/documents/0900303986a32bab,,FILTERED,,HAS ZONING DOCUMENTS,2024-08-15,Supporting Documents,SOIL REPORT,Accepted
X01052403-I1,,,858,EAST 223 STREET,BRONX,4847,65,2063767,NEW 3 FAMILY DWELLING,Standard Plan Examination or Review,fbaad6f5-9513-ef11-a958-005056b0044a,22,Parks Department Acknowledgment Letter for Street Trees Plan,Parks Department Acknowledgment Letter for Street Trees Plan,http://bscan-broker.csc.nycnet:18080/dctm-rest/repositories/bscan_prod_rep/objects/09003039870489b3,,FILTERED,,HAS ZONING DOCUMENTS,2024-05-16,Supporting Documents,Parks Department Acknowledgment Letter for Street Trees Plan,Accepted
X01052403-I1,,,858,EAST 223 STREET,BRONX,4847,65,2063767,NEW 3 FAMILY DWELLING,Standard Plan Examination or Review,fbaad6f5-9513-ef11-a958-005056b0044a,22,Other Documents  - AI1_Objection Responses,Other Documents  - AI1_Objection Responses,http://bscan-broker.csc.nycnet:18080/dctm-rest/repositories/bscan_prod_rep/documents/0900303986b6afcb,,FILTERED,,HAS ZONING DOCUMENTS,2024-10-18,Supporting Documents,Other Documents - Prior to Approval,Accepted
X01052403-I1,,,858,EAST 223 STREET,BRONX,4847,65,2063767,NEW 3 FAMILY DWELLING,Standard Plan Examination or Review,fbaad6f5-9513-ef11-a958-005056b0044a,22,Other Documents  - AI1_Objection Responses,Other Documents  - AI1_Objection Responses,http://bscan-broker.csc.nycnet:18080/dctm-rest/repositories/bscan_prod_rep/documents/0900303986b6afcb,,FILTERED,,HAS ZONING DOCUMENTS,2024-09-20,Supporting Documents,Other Documents - Prior to Approval,Accepted
X01052403-I1,,,858,EAST 223 STREET,BRONX,4847,65,2063767,NEW 3 FAMILY DWELLING,Standard Plan Examination or Review,fbaad6f5-9513-ef11-a958-005056b0044a,22,Other Documents  - 10 Day Notices,Other Documents  - 10 Day Notices,http://bscan-broker.csc.nycnet:18080/dctm-rest/repositories/bscan_prod_rep/documents/09003039871ca58d,,FILTERED,,HAS ZONING DOCUMENTS,2025-03-20,Supporting Documents,CPC Certification for FRESH,Accepted
X01052403-I1,,,858,EAST 223 STREET,BRONX,4847,65,2063767,NEW 3 FAMILY DWELLING,Standard Plan Examination or Review,fbaad6f5-9513-ef11-a958-005056b0044a,22,Other Documents  - RP-602,Other Documents  - RP-602,http://bscan-broker.csc.nycnet:18080/dctm-rest/repositories/bscan_prod_rep/objects/0900303986b6b032,,FILTERED,,HAS ZONING DOCUMENTS,2024-09-20,Supporting Documents,Other Documents - Prior to Approval,Accepted
X01052403-I1,,,858,EAST 223 STREET,BRONX,4847,65,2063767,NEW 3 FAMILY DWELLING,Standard Plan Examination or Review,fbaad6f5-9513-ef11-a958-005056b0044a,22,ZD1: DOB Zoning Diagram,ZD1: DOB Zoning Diagram,http://bscan-broker.csc.nycnet:18080/dctm-rest/repositories/bscan_prod_rep/documents/0900303986d26753,https://a810-DOBNOW.nyc.gov/Publish/DocumentStage//PortalDownloadedDocuments/BRONX/TEST//202608051230112082140706682/ZD1 DOB Zoning Diagram_ebc6cb3eb7.pdf,OK,,HAS ZONING DOCUMENTS,02/14/2025,Supporting Documents,ZD1: DOB Zoning Diagram,Superseded
X01052403-I1,,,858,EAST 223 STREET,BRONX,4847,65,2063767,NEW 3 FAMILY DWELLING,Standard Plan Examination or Review,fbaad6f5-9513-ef11-a958-005056b0044a,22,ZD1: DOB Zoning Diagram,ZD1: DOB Zoning Diagram,http://bscan-broker.csc.nycnet:18080/dctm-rest/repositories/bscan_prod_rep/documents/0900303986a32ba0,https://a810-DOBNOW.nyc.gov/Publish/DocumentStage//PortalDownloadedDocuments/BRONX/TEST//202608051230578221616947542/ZD1 DOB Zoning Diagram_8b9d2ab664.pdf,OK,,HAS ZONING DOCUMENTS,11/08/2024,Supporting Documents,ZD1: DOB Zoning Diagram,Submitted
B01229007-I1,,,216,PENN STREET,BROOKLYN,2219,32,3060844,"EXTENSION TO THE EXISTING CELLAR, PATCH AND REPAIR ALL SURFACES AS REQUIRED,  INSTALL NEW WINDOWS, FACADE REPAIR TO THE FRONT ELEVATION; NO CHANGE IN USE, EGRESS OR OCCUPANCY.",Standard Plan Examination or Review,ba7581cc-ae35-f011-a98b-005056b0044a,6,DEP ACP-5: Asbestos Assessment Report,DEP ACP-5: Asbestos Assessment Report,http://bscan-broker.csc.nycnet:18080/dctm-rest/repositories/bscan_prod_rep/documents/0900303987586e52,,FILTERED,,NO ZONING DOCUMENTS,2025-05-20,Supporting Documents,DEP ACP-5: Asbestos Assessment Report,Accepted
X00625848-P3,,,128,WEST  167 STREET,BRONX,2514,61,2130975,Proposed seven (7) story residential building.,Standard Plan Examination or Review,bb38c0f1-d9f9-ef11-a981-005056b0044a,6,Property Ownership Certification,Property Ownership Certification,http://bscan-broker.csc.nycnet:18080/dctm-rest/repositories/bscan_prod_rep/documents/090030398471e361,,FILTERED,,HAS ZONING DOCUMENTS,2025-03-05,Supporting Documents,Property Ownership Certification,Accepted
X00625848-P3,,,128,WEST  167 STREET,BRONX,2514,61,2130975,Proposed seven (7) story residential building.,Standard Plan Examination or Review,bb38c0f1-d9f9-ef11-a981-005056b0044a,6,Local Law 92/94 of 2019 Sustainable Roof Zone,Local Law 92/94 of 2019 Sustainable Roof Zone,http://bscan-broker.csc.nycnet:18080/dctm-rest/repositories/bscan_prod_rep/documents/090030398471e364,,FILTERED,,HAS ZONING DOCUMENTS,2025-03-05,Supporting Documents,Local Law 92/94 of 2019 Sustainable Roof Zone,Accepted
X00625848-P3,,,128,WEST  167 STREET,BRONX,2514,61,2130975,Proposed seven (7) story residential building.,Standard Plan Examination or Review,bb38c0f1-d9f9-ef11-a981-005056b0044a,6,DEP: Sewer Certification (Sanitary/Storm),DEP: Sewer Certification (Sanitary/Storm),http://bscan-broker.csc.nycnet:18080/dctm-rest/repositories/bscan_prod_rep/objects/0900303984acc8e1,,FILTERED,,HAS ZONING DOCUMENTS,2025-03-05,Supporting Documents,DEP: Sewer Certification (Sanitary/Storm),Accepted
X00625848-P3,,,128,WEST  167 STREET,BRONX,2514,61,2130975,Proposed seven (7) story residential building.,Standard Plan Examination or Review,bb38c0f1-d9f9-ef11-a981-005056b0044a,6,ZD1: DOB Zoning Diagram,ZD1: DOB Zoning Diagram,http://bscan-broker.csc.nycnet:18080/dctm-rest/repositories/bscan_prod_rep/objects/0900303984f3d0ec,https://a810-DOBNOW.nyc.gov/Publish/DocumentStage//PortalDownloadedDocuments/BRONX/TEST//20260805123748857431835025/ZD1 DOB Zoning Diagram.pdf,OK,,HAS ZONING DOCUMENTS,2025-03-05,Supporting Documents,ZD1: DOB Zoning Diagram,Accepted
X00625848-P3,,,128,WEST  167 STREET,BRONX,2514,61,2130975,Proposed seven (7) story residential building.,Standard Plan Examination or Review,bb38c0f1-d9f9-ef11-a981-005056b0044a,6,Restrictive Declaration/Easement 1,Restrictive Declaration/Easement 1,http://bscan-broker.csc.nycnet:18080/dctm-rest/repositories/bscan_prod_rep/documents/090030398620f478,,FILTERED,,HAS ZONING DOCUMENTS,2025-03-05,Supporting Documents,Restrictive Declaration/Easement 1,Accepted
X00625848-P3,,,128,WEST  167 STREET,BRONX,2514,61,2130975,Proposed seven (7) story residential building.,Standard Plan Examination or Review,bb38c0f1-d9f9-ef11-a981-005056b0044a,6,Street Tree Checklist,Street Tree Checklist,http://bscan-broker.csc.nycnet:18080/dctm-rest/repositories/bscan_prod_rep/objects/09003039847fa799,,FILTERED,,HAS ZONING DOCUMENTS,2025-03-05,Supporting Documents,Street Tree Checklist,Accepted
X00625848-P3,,,128,WEST  167 STREET,BRONX,2514,61,2130975,Proposed seven (7) story residential building.,Standard Plan Examination or Review,bb38c0f1-d9f9-ef11-a981-005056b0044a,6,Zoning Exhibit form (1-5),Zoning Exhibit form (1-5),http://bscan-broker.csc.nycnet:18080/dctm-rest/repositories/bscan_prod_rep/objects/0900303984bf3f3b,,FILTERED,,HAS ZONING DOCUMENTS,2025-03-05,Supporting Documents,Zoning Exhibit form (1-5),Accepted
X00625848-P3,,,128,WEST  167 STREET,BRONX,2514,61,2130975,Proposed seven (7) story residential building.,Standard Plan Examination or Review,bb38c0f1-d9f9-ef11-a981-005056b0044a,6,Site Survey: Initial,Site Survey: Initial,http://bscan-broker.csc.nycnet:18080/dctm-rest/repositories/bscan_prod_rep/documents/09003039861bbbcd,,FILTERED,,HAS ZONING DOCUMENTS,2025-03-05,Supporting Documents,Site Survey: Initial,Accepted
X00625848-P3,,,128,WEST  167 STREET,BRONX,2514,61,2130975,Proposed seven (7) story residential building.,Standard Plan Examination or Review,bb38c0f1-d9f9-ef11-a981-005056b0044a,6,Other 2 Documents - Prior to Approval,Other 2 Documents - Prior to Approval,http://bscan-broker.csc.nycnet:18080/dctm-rest/repositories/bscan_prod_rep/documents/0900303984811cba,,FILTERED,,HAS ZONING DOCUMENTS,2025-03-05,Supporting Documents,Other 2 Documents - Prior to Approval,Accepted
X00625848-P3,,,128,WEST  167 STREET,BRONX,2514,61,2130975,Proposed seven (7) story residential building.,Standard Plan Examination or Review,bb38c0f1-d9f9-ef11-a981-005056b0044a,6,Other 10 Documents  - Survey,Other 10 Documents  - Survey,http://bscan-broker.csc.nycnet:18080/dctm-rest/repositories/bscan_prod_rep/documents/0900303984efbd4f,,FILTERED,,HAS ZONING DOCUMENTS,2025-03-05,Supporting Documents,Other 10 Documents - Prior to Approval,Accepted
X00625848-P3,,,128,WEST  167 STREET,BRONX,2514,61,2130975,Proposed seven (7) story residential building.,Standard Plan Examination or Review,bb38c0f1-d9f9-ef11-a981-005056b0044a,6,DOF RP-602: Tentative Tax Lot Number Issued,DOF RP-602: Tentative Tax Lot Number Issued,http://bscan-broker.csc.nycnet:18080/dctm-rest/repositories/bscan_prod_rep/documents/0900303984a356c1,,FILTERED,,HAS ZONING DOCUMENTS,2025-03-05,Supporting Documents,DOF RP-602: Tentative Tax Lot Number Issued,Accepted
X00625848-P3,,,128,WEST  167 STREET,BRONX,2514,61,2130975,Proposed seven (7) story residential building.,Standard Plan Examination or Review,bb38c0f1-d9f9-ef11-a981-005056b0044a,6,Other 1 Documents - Prior to Approval,Other 1 Documents - Prior to Approval,http://bscan-broker.csc.nycnet:18080/dctm-rest/repositories/bscan_prod_rep/documents/09003039847fa855,,FILTERED,,HAS ZONING DOCUMENTS,2025-03-05,Supporting Documents,Other 1 Documents - Prior to Approval,Accepted
X00625848-P3,,,128,WEST  167 STREET,BRONX,2514,61,2130975,Proposed seven (7) story residential building.,Standard Plan Examination or Review,bb38c0f1-d9f9-ef11-a981-005056b0044a,6,Other 7 Documents  - Parking Declaration,Other 7 Documents  - Parking Declaration,http://bscan-broker.csc.nycnet:18080/dctm-rest/repositories/bscan_prod_rep/documents/0900303984dd60e5,,FILTERED,,HAS ZONING DOCUMENTS,2025-03-05,Supporting Documents,Other 7 Documents - Prior to Approval,Accepted
X00625848-P3,,,128,WEST  167 STREET,BRONX,2514,61,2130975,Proposed seven (7) story residential building.,Standard Plan Examination or Review,bb38c0f1-d9f9-ef11-a981-005056b0044a,6,Other Documents  - AI1 PAA P1,Other Documents  - AI1 PAA P1,http://bscan-broker.csc.nycnet:18080/dctm-rest/repositories/bscan_prod_rep/documents/09003039861bbbce,,FILTERED,,HAS ZONING DOCUMENTS,2025-03-05,Supporting Documents,Other Documents - Prior to Approval,Accepted
X00625848-P3,,,128,WEST  167 STREET,BRONX,2514,61,2130975,Proposed seven (7) story residential building.,Standard Plan Examination or Review,bb38c0f1-d9f9-ef11-a981-005056b0044a,6,Other 4 Documents - Prior to Approval,Other 4 Documents - Prior to Approval,http://bscan-broker.csc.nycnet:18080/dctm-rest/repositories/bscan_prod_rep/objects/0900303984c4053e,,FILTERED,,HAS ZONING DOCUMENTS,2025-03-05,Supporting Documents,Other 4 Documents - Prior to Approval,Accepted
X00625848-P3,,,128,WEST  167 STREET,BRONX,2514,61,2130975,Proposed seven (7) story residential building.,Standard Plan Examination or Review,bb38c0f1-d9f9-ef11-a981-005056b0044a,6,Other 8 Documents  - Front bldg CO,Other 8 Documents  - Front bldg CO,http://bscan-broker.csc.nycnet:18080/dctm-rest/repositories/bscan_prod_rep/documents/0900303984ec3987,,FILTERED,,HAS ZONING DOCUMENTS,2025-03-05,Supporting Documents,Other 8 Documents - Prior to Approval,Accepted
X00625848-P3,,,128,WEST  167 STREET,BRONX,2514,61,2130975,Proposed seven (7) story residential building.,Standard Plan Examination or Review,bb38c0f1-d9f9-ef11-a981-005056b0044a,6,Other 6 Documents  - Sanborn Map,Other 6 Documents  - Sanborn Map,http://bscan-broker.csc.nycnet:18080/dctm-rest/repositories/bscan_prod_rep/documents/0900303984dd5ec1,,FILTERED,,HAS ZONING DOCUMENTS,2025-03-05,Supporting Documents,Other 6 Documents - Prior to Approval,Accepted
X00625848-P3,,,128,WEST  167 STREET,BRONX,2514,61,2130975,Proposed seven (7) story residential building.,Standard Plan Examination or Review,bb38c0f1-d9f9-ef11-a981-005056b0044a,6,Other 3 Documents - Prior to Approval,Other 3 Documents - Prior to Approval,http://bscan-broker.csc.nycnet:18080/dctm-rest/repositories/bscan_prod_rep/documents/0900303984bb5bd7,,FILTERED,,HAS ZONING DOCUMENTS,2025-03-05,Supporting Documents,Other 3 Documents - Prior to Approval,Accepted
X00625848-P3,,,128,WEST  167 STREET,BRONX,2514,61,2130975,Proposed seven (7) story residential building.,Standard Plan Examination or Review,bb38c0f1-d9f9-ef11-a981-005056b0044a,6,Other 9 Documents  - Rear bldg CO,Other 9 Documents  - Rear bldg CO,http://bscan-broker.csc.nycnet:18080/dctm-rest/repositories/bscan_prod_rep/documents/0900303984ec3989,,FILTERED,,HAS ZONING DOCUMENTS,2025-03-05,Supporting Documents,Other 9 Documents - Prior to Approval,Accepted
X00625848-P3,,,128,WEST  167 STREET,BRONX,2514,61,2130975,Proposed seven (7) story residential building.,Standard Plan Examination or Review,bb38c0f1-d9f9-ef11-a981-005056b0044a,6,Other 5 Documents  - RP-602,Other 5 Documents  - RP-602,http://bscan-broker.csc.nycnet:18080/dctm-rest/repositories/bscan_prod_rep/documents/0900303984db08ef,,FILTERED,,HAS ZONING DOCUMENTS,2025-03-05,Supporting Documents,Other 5 Documents - Prior to Approval,Accepted
Q08018024-I1,,,37-01,MAIN STREET,QUEENS,4978,8,4112476,"Installation of new business accessory awning at OSP. No change in use, egress, and occupancy.",Professional Certification,d63d001c-9347-ed11-a900-005056b0c55c,,,,,,NO DOCUMENTS,,NO ZONING DOCUMENTS,,,,
B01203796-P1,,,210,JORALEMON STREET,BROOKLYN,266,7501,3002558,removal and installation of non bearing partitions and related finishes as per plans filed here with. No change in use egress or occupancy,Professional Certification,da656ee3-d363-f011-a4ca-005056b09d5b,6,Landmark Approval,Landmark Approval,http://bscan-broker.csc.nycnet:18080/dctm-rest/repositories/bscan_prod_rep/documents/09003039872a3647,,FILTERED,,NO ZONING DOCUMENTS,2025-07-18,Supporting Documents,Landmark Approval,Accepted
B01203796-P1,,,210,JORALEMON STREET,BROOKLYN,266,7501,3002558,removal and installation of non bearing partitions and related finishes as per plans filed here with. No change in use egress or occupancy,Professional Certification,da656ee3-d363-f011-a4ca-005056b09d5b,6,DEP ACP-5: Asbestos Assessment Report,DEP ACP-5: Asbestos Assessment Report,http://bscan-broker.csc.nycnet:18080/dctm-rest/repositories/bscan_prod_rep/documents/09003039872a364a,,FILTERED,,NO ZONING DOCUMENTS,2025-07-18,Supporting Documents,DEP ACP-5: Asbestos Assessment Report,Accepted
B08023268-P5,,,2224,EAST   23 STREET,BROOKLYN,7381,201,3201080,"P.S. 206-K: Site removals, erosion measures and details.",Standard Plan Examination or Review,72170be8-af6a-ef11-a45d-005056b04135,6,Design Commission Approval City Owned (Exterior Work),Design Commission Approval City Owned (Exterior Work),http://bscan-broker.csc.nycnet:18080/dctm-rest/repositories/bscan_prod_rep/documents/0900303985299690,,FILTERED,,NO ZONING DOCUMENTS,2024-09-04,Supporting Documents,Design Commission Approval City Owned (Exterior Work),Accepted
B08023268-P5,,,2224,EAST   23 STREET,BROOKLYN,7381,201,3201080,"P.S. 206-K: Site removals, erosion measures and details.",Standard Plan Examination or Review,72170be8-af6a-ef11-a45d-005056b04135,6,Street Tree Checklist,Street Tree Checklist,http://bscan-broker.csc.nycnet:18080/dctm-rest/repositories/bscan_prod_rep/documents/0900303985b99ff0,,FILTERED,,NO ZONING DOCUMENTS,2024-09-04,Supporting Documents,Street Tree Checklist,Accepted
B08023268-P5,,,2224,EAST   23 STREET,BROOKLYN,7381,201,3201080,"P.S. 206-K: Site removals, erosion measures and details.",Standard Plan Examination or Review,72170be8-af6a-ef11-a45d-005056b04135,6,Fee Exempt Supporting Document - DOF Property Tax Assessment Roll,Fee Exempt Supporting Document - DOF Property Tax Assessment Roll,http://bscan-broker.csc.nycnet:18080/dctm-rest/repositories/bscan_prod_rep/documents/090030398529968e,,FILTERED,,NO ZONING DOCUMENTS,2024-09-04,Supporting Documents,Fee Exempt Supporting Document - DOF ACRIS report or BIB letter,Accepted
B08023268-P5,,,2224,EAST   23 STREET,BROOKLYN,7381,201,3201080,"P.S. 206-K: Site removals, erosion measures and details.",Standard Plan Examination or Review,72170be8-af6a-ef11-a45d-005056b04135,6,Site Survey: Initial,Site Survey: Initial,http://bscan-broker.csc.nycnet:18080/dctm-rest/repositories/bscan_prod_rep/documents/09003039852996a6,,FILTERED,,NO ZONING DOCUMENTS,2024-09-04,Supporting Documents,Site Survey: Initial,Accepted
B08023268-P5,,,2224,EAST   23 STREET,BROOKLYN,7381,201,3201080,"P.S. 206-K: Site removals, erosion measures and details.",Standard Plan Examination or Review,72170be8-af6a-ef11-a45d-005056b04135,6,DEP Stormwater Construction Permit,DEP Stormwater Construction Permit,http://bscan-broker.csc.nycnet:18080/dctm-rest/repositories/bscan_prod_rep/documents/0900303985c4a3bd,,FILTERED,,NO ZONING DOCUMENTS,2024-09-04,Supporting Documents,DEP Stormwater Construction Permit,Accepted
B08023268-P5,,,2224,EAST   23 STREET,BROOKLYN,7381,201,3201080,"P.S. 206-K: Site removals, erosion measures and details.",Standard Plan Examination or Review,72170be8-af6a-ef11-a45d-005056b04135,6,DEP: Sewer Certification (Sanitary/Storm),DEP: Sewer Certification (Sanitary/Storm),http://bscan-broker.csc.nycnet:18080/dctm-rest/repositories/bscan_prod_rep/objects/0900303985c4a486,,FILTERED,,NO ZONING DOCUMENTS,2024-09-04,Supporting Documents,DEP: Sewer Certification (Sanitary/Storm),Accepted
B08023268-P5,,,2224,EAST   23 STREET,BROOKLYN,7381,201,3201080,"P.S. 206-K: Site removals, erosion measures and details.",Standard Plan Examination or Review,72170be8-af6a-ef11-a45d-005056b04135,6,Local Law 92/94 of 2019 Sustainable Roof Zone,Local Law 92/94 of 2019 Sustainable Roof Zone,http://bscan-broker.csc.nycnet:18080/dctm-rest/repositories/bscan_prod_rep/documents/0900303985b80588,,FILTERED,,NO ZONING DOCUMENTS,2024-09-04,Supporting Documents,Local Law 92/94 of 2019 Sustainable Roof Zone,Accepted
M00731102-I1,,,355,SOUTH END AVENUE,MANHATTAN,16,100,1083373,"Facade restoration. No change in egress, use or occupancy.",Professional Certification,03749c75-becb-ec11-a8f3-005056b0044a,,,,,,AKAMAI_BLOCKED,,BLOCKED,,,,
M00731102-I1,,,355,SOUTH END AVENUE,MANHATTAN,16,100,1083373,"Facade restoration. No change in egress, use or occupancy.",Professional Certification,03749c75-becb-ec11-a8f3-005056b0044a,18,DEP ACP-5: Asbestos Assessment Report,DEP ACP-5: Asbestos Assessment Report,http://bscan-broker.csc.nycnet:18080/dctm-rest/repositories/bscan_prod_rep/documents/0900303984f43958,,FILTERED,,NO ZONING DOCUMENTS,2022-05-04,Supporting Documents,DEP ACP-5: Asbestos Assessment Report,Accepted
X01202715-P1,,,544,SOUTHERN BOULEVARD,BRONX,2603,7501,2004121,"Filing herewith structural plans for the structural work associated with the interior fit-out of a McDonalds restaurant. No change to use, egress, or occupancy.",Standard Plan Examination or Review,aac08f38-8e6d-f011-a48b-005056b0fc6c,6,SOIL REPORT,SOIL REPORT,http://bscan-broker.csc.nycnet:18080/dctm-rest/repositories/bscan_prod_rep/documents/09003039890e7915,,FILTERED,,NO ZONING DOCUMENTS,2025-07-30,Supporting Documents,SOIL REPORT,Accepted
X01202715-P1,,,544,SOUTHERN BOULEVARD,BRONX,2603,7501,2004121,"Filing herewith structural plans for the structural work associated with the interior fit-out of a McDonalds restaurant. No change to use, egress, or occupancy.",Standard Plan Examination or Review,aac08f38-8e6d-f011-a48b-005056b0fc6c,6,DEP ACP-5: Asbestos Assessment Report,DEP ACP-5: Asbestos Assessment Report,http://bscan-broker.csc.nycnet:18080/dctm-rest/repositories/bscan_prod_rep/documents/09003039873d788f,,FILTERED,,NO ZONING DOCUMENTS,2025-07-30,Supporting Documents,DEP ACP-5: Asbestos Assessment Report,Accepted
X01202715-P1,,,544,SOUTHERN BOULEVARD,BRONX,2603,7501,2004121,"Filing herewith structural plans for the structural work associated with the interior fit-out of a McDonalds restaurant. No change to use, egress, or occupancy.",Standard Plan Examination or Review,aac08f38-8e6d-f011-a48b-005056b0fc6c,6,Other Documents  - AI1 Form,Other Documents  - AI1 Form,http://bscan-broker.csc.nycnet:18080/dctm-rest/repositories/bscan_prod_rep/documents/090030398917437f,,FILTERED,,NO ZONING DOCUMENTS,2026-03-03,Supporting Documents,Other Documents - Prior to Approval,Accepted
,,,,,,2837,1,3338267,,,,,,,,,AKAMAI_BLOCKED,,,,,,
B01368057-I1,,,287,MASPETH AVENUE,BROOKLYN,2837,1,3338267,"EXTERIOR  REPAIRS TO EXIST THREE WALLED STEEL STRUCTURE FOR NATIONAL GRID. USE PER SECT. 28-105-4.3 OF NYC AC, PUBLIC UTILITY GAS WORK SHALL BE EXEMPT FROM NYC BLDG PERMIT NO CHANGE TO USE, EGRESS OR OCCUPANCY.",Professional Certification,aebad733-c618-f111-a4e8-005056b09d5b,22,,,,,NO DOCUMENTS,,NO ZONING DOCUMENTS,,,,
B00809593-P2,,,460,NEPTUNE AVENUE,BROOKLYN,7274,1,3196580,"TO COMBINE 2 APTS. INTO ONE - DEMOLISH EXIST. KITCHEN, PARTITIONS & BATHTUB. BUILD NEW APARTMENT LAYOUT ACCORDING CONSTRUCTION PLAN: NEW DOORS INSTALLATION; COMPOUND & PAINT WALLS, INSTALL NEW AC & KOSHER KITCHEN, BUILD DROP OFF CEILING WITH SPOTLIGHTS.",Professional Certification,f761b77f-56de-ed11-a458-005056b09d5b,6,,,,,NO DOCUMENTS,,NO ZONING DOCUMENTS,,,,
B00608989-I1,,,199,BAY   19 STREET,BROOKLYN,6437,13,3429270,PROPOSED NEW 4 STORY MIXED USE BUILDING.,Standard Plan Examination or Review,a69349d2-6a28-ec11-a412-005056b09d5b,6,DEP: Sewer Certification (Sanitary/Storm),DEP: Sewer Certification (Sanitary/Storm),http://bscan-broker.csc.nycnet:18080/dctm-rest/repositories/bscan_prod_rep/documents/09003039863936a7,,FILTERED,,HAS ZONING DOCUMENTS,2021-10-08,Supporting Documents,DEP: Sewer Certification (Sanitary/Storm),Accepted
B00608989-I1,,,199,BAY   19 STREET,BROOKLYN,6437,13,3429270,PROPOSED NEW 4 STORY MIXED USE BUILDING.,Standard Plan Examination or Review,a69349d2-6a28-ec11-a412-005056b09d5b,6,Property Ownership Certification,Property Ownership Certification,http://bscan-broker.csc.nycnet:18080/dctm-rest/repositories/bscan_prod_rep/documents/09003039849ce07b,,FILTERED,,HAS ZONING DOCUMENTS,2021-10-08,Supporting Documents,Property Ownership Certification,Accepted
B00608989-I1,,,199,BAY   19 STREET,BROOKLYN,6437,13,3429270,PROPOSED NEW 4 STORY MIXED USE BUILDING.,Standard Plan Examination or Review,a69349d2-6a28-ec11-a412-005056b09d5b,6,Street Tree Checklist,Street Tree Checklist,http://bscan-broker.csc.nycnet:18080/dctm-rest/repositories/bscan_prod_rep/documents/09003039849ce07c,,FILTERED,,HAS ZONING DOCUMENTS,2021-10-08,Supporting Documents,Street Tree Checklist,Accepted
B00608989-I1,,,199,BAY   19 STREET,BROOKLYN,6437,13,3429270,PROPOSED NEW 4 STORY MIXED USE BUILDING.,Standard Plan Examination or Review,a69349d2-6a28-ec11-a412-005056b09d5b,6,ZD1: DOB Zoning Diagram,ZD1: DOB Zoning Diagram,http://bscan-broker.csc.nycnet:18080/dctm-rest/repositories/bscan_prod_rep/documents/09003039863dca3e,https://a810-DOBNOW.nyc.gov/Publish/DocumentStage//PortalDownloadedDocuments/BROOKLYN/TEST//20260805020609204460777734/ZD1 DOB Zoning Diagram.pdf,OK,,HAS ZONING DOCUMENTS,2021-10-08,Supporting Documents,ZD1: DOB Zoning Diagram,Accepted
B00608989-I1,,,199,BAY   19 STREET,BROOKLYN,6437,13,3429270,PROPOSED NEW 4 STORY MIXED USE BUILDING.,Standard Plan Examination or Review,a69349d2-6a28-ec11-a412-005056b09d5b,6,Local Law 92/94 of 2019 Sustainable Roof Zone,Local Law 92/94 of 2019 Sustainable Roof Zone,http://bscan-broker.csc.nycnet:18080/dctm-rest/repositories/bscan_prod_rep/documents/09003039849ce07e,,FILTERED,,HAS ZONING DOCUMENTS,2021-10-08,Supporting Documents,Local Law 92/94 of 2019 Sustainable Roof Zone,Accepted
B00608989-I1,,,199,BAY   19 STREET,BROOKLYN,6437,13,3429270,PROPOSED NEW 4 STORY MIXED USE BUILDING.,Standard Plan Examination or Review,a69349d2-6a28-ec11-a412-005056b09d5b,6,Zoning Exhibit form (1-5),Zoning Exhibit form (1-5),http://bscan-broker.csc.nycnet:18080/dctm-rest/repositories/bscan_prod_rep/documents/0900303985628cbe,,FILTERED,,HAS ZONING DOCUMENTS,2023-02-17,Supporting Documents,Zoning Exhibit form (1-5),Accepted
B00608989-I1,,,199,BAY   19 STREET,BROOKLYN,6437,13,3429270,PROPOSED NEW 4 STORY MIXED USE BUILDING.,Standard Plan Examination or Review,a69349d2-6a28-ec11-a412-005056b09d5b,6,Other 1 Documents - Prior to Approval,Other 1 Documents - Prior to Approval,http://bscan-broker.csc.nycnet:18080/dctm-rest/repositories/bscan_prod_rep/documents/09003039849ce05b,,FILTERED,,HAS ZONING DOCUMENTS,2021-11-05,Supporting Documents,Other 1 Documents - Prior to Approval,Accepted
B00608989-I1,,,199,BAY   19 STREET,BROOKLYN,6437,13,3429270,PROPOSED NEW 4 STORY MIXED USE BUILDING.,Standard Plan Examination or Review,a69349d2-6a28-ec11-a412-005056b09d5b,6,Other 2 Documents  - TR4,Other 2 Documents  - TR4,http://bscan-broker.csc.nycnet:18080/dctm-rest/repositories/bscan_prod_rep/documents/0900303985087ab0,,FILTERED,,HAS ZONING DOCUMENTS,2022-08-31,Supporting Documents,Other 2 Documents - Prior to Approval,Accepted
B00608989-I1,,,199,BAY   19 STREET,BROOKLYN,6437,13,3429270,PROPOSED NEW 4 STORY MIXED USE BUILDING.,Standard Plan Examination or Review,a69349d2-6a28-ec11-a412-005056b09d5b,6,ZD1: DOB Zoning Diagram,ZD1: DOB Zoning Diagram,http://bscan-broker.csc.nycnet:18080/dctm-rest/repositories/bscan_prod_rep/documents/09003039849ce07d,https://a810-DOBNOW.nyc.gov/Publish/DocumentStage//PortalDownloadedDocuments/BROOKLYN/TEST//202608050206508791517999203/ZD1 DOB Zoning Diagram_10529406e5.pdf,OK,,HAS ZONING DOCUMENTS,02/17/2024,Supporting Documents,ZD1: DOB Zoning Diagram,Submitted
M01364601-I1,,,521,WEST  122 STREET,MANHATTAN,1977,18,1059670,"Cut and point bricks, and rebuild brickwork in various locations. Replace damaged window sills. Repair stones with epoxy. Repair chipped facade stones.",Professional Certification,87cd6aed-bb12-f111-a4a1-005056b0fc6c,,,,,,AKAMAI_BLOCKED,,BLOCKED,,,,
M01364601-I1,,,521,WEST  122 STREET,MANHATTAN,1977,18,1059670,"Cut and point bricks, and rebuild brickwork in various locations. Replace damaged window sills. Repair stones with epoxy. Repair chipped facade stones.",Professional Certification,87cd6aed-bb12-f111-a4a1-005056b0fc6c,22,DEP ACP-5: Asbestos Assessment Report,DEP ACP-5: Asbestos Assessment Report,http://bscan-broker.csc.nycnet:18080/dctm-rest/repositories/bscan_prod_rep/documents/09003039891b2dd7,,FILTERED,,NO ZONING DOCUMENTS,2026-02-25,Supporting Documents,DEP ACP-5: Asbestos Assessment Report,Accepted
M01230242-P1,,,1,PENN PLAZA,MANHATTAN,783,70,1014387,Construction work on the 44th floor (Toscano Clements Taylor) as indicated on drawings.,Professional Certification,35c3a569-582c-f111-a4a3-005056b04135,6,DEP ACP-5: Asbestos Assessment Report,DEP ACP-5: Asbestos Assessment Report,http://bscan-broker.csc.nycnet:18080/dctm-rest/repositories/bscan_prod_rep/documents/090030398763ce43,,FILTERED,,NO ZONING DOCUMENTS,2026-03-30,Supporting Documents,DEP ACP-5: Asbestos Assessment Report,Accepted
Q00559762-I1,,,81-32,258 STREET,QUEENS,8732,50,4178487,Application filed to add 2nd floor as per drawings filed herewith.,Standard Plan Examination or Review,b9670dfc-3fe7-eb11-a40c-005056b0dd10,38,EN2: As Built Energy Analysis,EN2: As Built Energy Analysis,http://bscan-broker.csc.nycnet:18080/dctm-rest/repositories/bscan_prod_rep/documents/0900303985da3cde,,FILTERED,,HAS ZONING DOCUMENTS,2021-07-17,Supporting Documents,EN2: As Built Energy Analysis.,Accepted
Q00559762-I1,,,81-32,258 STREET,QUEENS,8732,50,4178487,Application filed to add 2nd floor as per drawings filed herewith.,Standard Plan Examination or Review,b9670dfc-3fe7-eb11-a40c-005056b0dd10,38,Plot Diagram,Plot Diagram,http://bscan-broker.csc.nycnet:18080/dctm-rest/repositories/bscan_prod_rep/objects/0900303984c27df1,,FILTERED,,HAS ZONING DOCUMENTS,2021-07-17,Supporting Documents,Plot Diagram,Accepted
Q00559762-I1,,,81-32,258 STREET,QUEENS,8732,50,4178487,Application filed to add 2nd floor as per drawings filed herewith.,Standard Plan Examination or Review,b9670dfc-3fe7-eb11-a40c-005056b0dd10,38,ZD1: DOB Zoning Diagram,ZD1: DOB Zoning Diagram,http://bscan-broker.csc.nycnet:18080/dctm-rest/repositories/bscan_prod_rep/objects/0900303984633c86,https://a810-DOBNOW.nyc.gov/Publish/DocumentStage//PortalDownloadedDocuments/QUEENS/TEST//202608050222433591235450574/ZD1 DOB Zoning Diagram.pdf,OK,,HAS ZONING DOCUMENTS,2021-07-17,Supporting Documents,ZD1: DOB Zoning Diagram,Accepted
Q00559762-I1,,,81-32,258 STREET,QUEENS,8732,50,4178487,Application filed to add 2nd floor as per drawings filed herewith.,Standard Plan Examination or Review,b9670dfc-3fe7-eb11-a40c-005056b0dd10,38,Local Law 92/94 of 2019 Sustainable Roof Zone,Local Law 92/94 of 2019 Sustainable Roof Zone,http://bscan-broker.csc.nycnet:18080/dctm-rest/repositories/bscan_prod_rep/documents/09003039843aa455,,FILTERED,,HAS ZONING DOCUMENTS,2021-07-19,Supporting Documents,Local Law 92/94 of 2019 Sustainable Roof Zone,Accepted
Q00559762-I1,,,81-32,258 STREET,QUEENS,8732,50,4178487,Application filed to add 2nd floor as per drawings filed herewith.,Standard Plan Examination or Review,b9670dfc-3fe7-eb11-a40c-005056b0dd10,38,Additional Insured Authorizations,Additional Insured Authorizations,http://bscan-broker.csc.nycnet:18080/dctm-rest/repositories/bscan_prod_rep/documents/0900303984ade581,,FILTERED,,HAS ZONING DOCUMENTS,2021-07-19,Supporting Documents,Additional Insured Authorizations,Accepted
Q00559762-I1,,,81-32,258 STREET,QUEENS,8732,50,4178487,Application filed to add 2nd floor as per drawings filed herewith.,Standard Plan Examination or Review,b9670dfc-3fe7-eb11-a40c-005056b0dd10,38,Certificate of Insurance,Certificate of Insurance,http://bscan-broker.csc.nycnet:18080/dctm-rest/repositories/bscan_prod_rep/documents/0900303984ade68f,,FILTERED,,HAS ZONING DOCUMENTS,2021-07-19,Supporting Documents,Certificate of Insurance,Accepted
Q00559762-I1,,,81-32,258 STREET,QUEENS,8732,50,4178487,Application filed to add 2nd floor as per drawings filed herewith.,Standard Plan Examination or Review,b9670dfc-3fe7-eb11-a40c-005056b0dd10,38,Certification by Insurance Broker or Agency,Certification by Insurance Broker or Agency,http://bscan-broker.csc.nycnet:18080/dctm-rest/repositories/bscan_prod_rep/documents/0900303984ade695,,FILTERED,,HAS ZONING DOCUMENTS,2021-07-19,Supporting Documents,Certification by Insurance Broker or Agency,Accepted
Q00559762-I1,,,81-32,258 STREET,QUEENS,8732,50,4178487,Application filed to add 2nd floor as per drawings filed herewith.,Standard Plan Examination or Review,b9670dfc-3fe7-eb11-a40c-005056b0dd10,38,DEP ACP-5: Asbestos Assessment Report,DEP ACP-5: Asbestos Assessment Report,http://bscan-broker.csc.nycnet:18080/dctm-rest/repositories/bscan_prod_rep/documents/09003039845e6d59,,FILTERED,,HAS ZONING DOCUMENTS,2021-10-02,Supporting Documents,DEP ACP-5: Asbestos Assessment Report,Accepted
Q00559762-I1,,,81-32,258 STREET,QUEENS,8732,50,4178487,Application filed to add 2nd floor as per drawings filed herewith.,Standard Plan Examination or Review,b9670dfc-3fe7-eb11-a40c-005056b0dd10,38,Final Survey,Final Survey,http://bscan-broker.csc.nycnet:18080/dctm-rest/repositories/bscan_prod_rep/documents/0900303985da43d8,,FILTERED,,HAS ZONING DOCUMENTS,2021-07-17,Supporting Documents,Final Survey,Accepted
Q00559762-I1,,,81-32,258 STREET,QUEENS,8732,50,4178487,Application filed to add 2nd floor as per drawings filed herewith.,Standard Plan Examination or Review,b9670dfc-3fe7-eb11-a40c-005056b0dd10,38,House Number Verification: TOPO Stamp,House Number Verification: TOPO Stamp,http://bscan-broker.csc.nycnet:18080/dctm-rest/repositories/bscan_prod_rep/documents/09003039845e6c90,,FILTERED,,HAS ZONING DOCUMENTS,2021-07-17,Supporting Documents,House Number Verification: TOPO Stamp,Accepted
Q00559762-I1,,,81-32,258 STREET,QUEENS,8732,50,4178487,Application filed to add 2nd floor as per drawings filed herewith.,Standard Plan Examination or Review,b9670dfc-3fe7-eb11-a40c-005056b0dd10,38,Parks Department Acknowledgment Letter for Street Trees Plan,Parks Department Acknowledgment Letter for Street Trees Plan,http://bscan-broker.csc.nycnet:18080/dctm-rest/repositories/bscan_prod_rep/documents/0900303984ae1770,,FILTERED,,HAS ZONING DOCUMENTS,2021-07-17,Supporting Documents,Parks Department Acknowledgment Letter for Street Trees Plan,Accepted
Q00559762-I1,,,81-32,258 STREET,QUEENS,8732,50,4178487,Application filed to add 2nd floor as per drawings filed herewith.,Standard Plan Examination or Review,b9670dfc-3fe7-eb11-a40c-005056b0dd10,38,Street Tree Checklist,Street Tree Checklist,http://bscan-broker.csc.nycnet:18080/dctm-rest/repositories/bscan_prod_rep/documents/09003039843aa45a,,FILTERED,,HAS ZONING DOCUMENTS,2021-07-17,Supporting Documents,Street Tree Checklist,Accepted
Q00559762-I1,,,81-32,258 STREET,QUEENS,8732,50,4178487,Application filed to add 2nd floor as per drawings filed herewith.,Standard Plan Examination or Review,b9670dfc-3fe7-eb11-a40c-005056b0dd10,38,Other Documents  - sustainable_roof_zone_form,Other Documents  - sustainable_roof_zone_form,http://bscan-broker.csc.nycnet:18080/dctm-rest/repositories/bscan_prod_rep/documents/090030398638702f,,FILTERED,,HAS ZONING DOCUMENTS,2024-02-08,Supporting Documents,Other Documents - Prior to Sign Off,Accepted
Q00559762-I1,,,81-32,258 STREET,QUEENS,8732,50,4178487,Application filed to add 2nd floor as per drawings filed herewith.,Standard Plan Examination or Review,b9670dfc-3fe7-eb11-a40c-005056b0dd10,38,Project Specific General Liability (PGL1),Project Specific General Liability (PGL1),http://bscan-broker.csc.nycnet:18080/dctm-rest/repositories/bscan_prod_rep/objects/09003039858386de,,FILTERED,,HAS ZONING DOCUMENTS,2023-04-20,Supporting Documents,Project Specific General Liability (PGL1),Accepted
Q00559762-I1,,,81-32,258 STREET,QUEENS,8732,50,4178487,Application filed to add 2nd floor as per drawings filed herewith.,Standard Plan Examination or Review,b9670dfc-3fe7-eb11-a40c-005056b0dd10,38,ZD1: DOB Zoning Diagram,ZD1: DOB Zoning Diagram,http://bscan-broker.csc.nycnet:18080/dctm-rest/repositories/bscan_prod_rep/objects/09003039845e93f2,https://a810-DOBNOW.nyc.gov/Publish/DocumentStage//PortalDownloadedDocuments/QUEENS/TEST//20260805022311156441166928/ZD1 DOB Zoning Diagram.pdf,OK,,HAS ZONING DOCUMENTS,10/13/2021,Supporting Documents,ZD1: DOB Zoning Diagram,Rejected
Q00559762-I1,,,81-32,258 STREET,QUEENS,8732,50,4178487,Application filed to add 2nd floor as per drawings filed herewith.,Standard Plan Examination or Review,b9670dfc-3fe7-eb11-a40c-005056b0dd10,38,ZD1: DOB Zoning Diagram,ZD1: DOB Zoning Diagram,http://bscan-broker.csc.nycnet:18080/dctm-rest/repositories/bscan_prod_rep/objects/090030398456a6f2,https://a810-DOBNOW.nyc.gov/Publish/DocumentStage//PortalDownloadedDocuments/QUEENS/TEST//202608050223589731039139494/ZD1 DOB Zoning Diagram.pdf,OK,,HAS ZONING DOCUMENTS,10/04/2021,Supporting Documents,ZD1: DOB Zoning Diagram,Rejected
Q00559762-I1,,,81-32,258 STREET,QUEENS,8732,50,4178487,Application filed to add 2nd floor as per drawings filed herewith.,Standard Plan Examination or Review,b9670dfc-3fe7-eb11-a40c-005056b0dd10,38,ZD1: DOB Zoning Diagram,ZD1: DOB Zoning Diagram,http://bscan-broker.csc.nycnet:18080/dctm-rest/repositories/bscan_prod_rep/documents/09003039843aa450,https://a810-DOBNOW.nyc.gov/Publish/DocumentStage//PortalDownloadedDocuments/QUEENS/TEST//20260805022441946838724739/ZD1 DOB Zoning Diagram.pdf,OK,,HAS ZONING DOCUMENTS,09/16/2021,Supporting Documents,ZD1: DOB Zoning Diagram,Rejected
M00906296-P3,,,400,EAST   59 STREET,MANHATTAN,1370,46,1040640,"INTERIOR RENOVATION TO EXISTING APARTMENT # 7E. REMOVAL AND INSTALLATION OF NEW FLOORING THROUGHOUT, STAIRS, FIXTURES, SOFFIT, AND FINISHES. INSTALL NEW SUSPENDED CEILING THROUGHOUT.  NO CHANGE TO USE, OCCUPANCY, OR EGRESS.",Professional Certification,7febdcfe-f1f5-ee11-a449-005056b0fc6c,,DEP ACP-5: Asbestos Assessment Report,DEP ACP-5: Asbestos Assessment Report,http://bscan-broker.csc.nycnet:18080/dctm-rest/repositories/bscan_prod_rep/documents/0900303985ce1fab,,FILTERED,,NO ZONING DOCUMENTS,2024-04-08,Supporting Documents,DEP ACP-5: Asbestos Assessment Report,Accepted
B00825153-I1,,,184,MOFFAT STREET,BROOKLYN,3447,12,3080155,"INTERIOR RENOVATION WITH PARTITIONS AT 2ND FLOOR AS PER PLAN. NO CHANGE IN USE, MEANS OF EGRESS OR OCCUPANCY IN THIS APPLICATION.",Professional Certification,9f4ace18-11a7-ed11-a44e-005056b0dd10,22,DEP ACP-5: Asbestos Assessment Report,DEP ACP-5: Asbestos Assessment Report,http://bscan-broker.csc.nycnet:18080/dctm-rest/repositories/bscan_prod_rep/documents/09003039856281b9,,FILTERED,,NO ZONING DOCUMENTS,2023-02-13,Supporting Documents,DEP ACP-5: Asbestos Assessment Report,Accepted
M00752792-I1,,,60,WEST   48 STREET,MANHATTAN,1263,66,1034500,"Filing for interior work inside 1st fl commercial space. Cosmetic work limited only to replace floor tiles as needed, carpentry, and interior finishes throughout.  Work as per plans, no change in use, egress, or occupancy.",Professional Certification,533f695d-84e6-ec11-a433-005056b0dd10,18,DEP ACP-5: Asbestos Assessment Report,DEP ACP-5: Asbestos Assessment Report,http://bscan-broker.csc.nycnet:18080/dctm-rest/repositories/bscan_prod_rep/documents/0900303984e3ac81,,FILTERED,,NO ZONING DOCUMENTS,2022-06-07,Supporting Documents,DEP ACP-5: Asbestos Assessment Report,Accepted
M00955549-I1,,,630,WEST  168 STREET,MANHATTAN,2138,40,1084386,"ROOF REPLACEMENT( first floor courtyard roof)  AS PER PLAN. NO CHANGE TO USE, EGRESS OR OCCUPANCY FILED UNDER THIS APPLICATION.",Professional Certification,fa682006-6177-ee11-a93a-005056b0044a,,,,,,AKAMAI_BLOCKED,,BLOCKED,,,,
M00955549-I1,,,630,WEST  168 STREET,MANHATTAN,2138,40,1084386,"ROOF REPLACEMENT( first floor courtyard roof)  AS PER PLAN. NO CHANGE TO USE, EGRESS OR OCCUPANCY FILED UNDER THIS APPLICATION.",Professional Certification,fa682006-6177-ee11-a93a-005056b0044a,6,Fee Exempt Supporting Document - DOF Property Tax Assessment Roll,Fee Exempt Supporting Document - DOF Property Tax Assessment Roll,http://bscan-broker.csc.nycnet:18080/dctm-rest/repositories/bscan_prod_rep/documents/09003039861ea0db,,FILTERED,,NO ZONING DOCUMENTS,2023-10-30,Supporting Documents,Fee Exempt Supporting Document - DOF ACRIS report or BIB letter,Accepted
M00955549-I1,,,630,WEST  168 STREET,MANHATTAN,2138,40,1084386,"ROOF REPLACEMENT( first floor courtyard roof)  AS PER PLAN. NO CHANGE TO USE, EGRESS OR OCCUPANCY FILED UNDER THIS APPLICATION.",Professional Certification,fa682006-6177-ee11-a93a-005056b0044a,6,DEP ACP-5: Asbestos Assessment Report,DEP ACP-5: Asbestos Assessment Report,http://bscan-broker.csc.nycnet:18080/dctm-rest/repositories/bscan_prod_rep/documents/09003039861ea0dd,,FILTERED,,NO ZONING DOCUMENTS,2023-10-31,Supporting Documents,DEP ACP-5: Asbestos Assessment Report,Accepted
M08000458-I1,,,929,BROADWAY,MANHATTAN,850,11,1080765,"INTERIOR RENOVATION ON EXISTING COMMERCIAL SPACE AS PER PLANS FIILED HEREWITH. NO CHANGE IN EGRESS,USE OR OCCUPANCY.",Professional Certification,d1c4ea36-902f-ed11-a8fb-005056b0c55c,18,Landmark Approval,Landmark Approval,http://bscan-broker.csc.nycnet:18080/dctm-rest/repositories/bscan_prod_rep/documents/0900303985351a3a,,FILTERED,,NO ZONING DOCUMENTS,2022-09-08,Supporting Documents,Landmark Approval,Accepted
M08000458-I1,,,929,BROADWAY,MANHATTAN,850,11,1080765,"INTERIOR RENOVATION ON EXISTING COMMERCIAL SPACE AS PER PLANS FIILED HEREWITH. NO CHANGE IN EGRESS,USE OR OCCUPANCY.",Professional Certification,d1c4ea36-902f-ed11-a8fb-005056b0c55c,18,DEP ACP-5: Asbestos Assessment Report,DEP ACP-5: Asbestos Assessment Report,http://bscan-broker.csc.nycnet:18080/dctm-rest/repositories/bscan_prod_rep/documents/0900303985351a3b,,FILTERED,,NO ZONING DOCUMENTS,2022-09-08,Supporting Documents,DEP ACP-5: Asbestos Assessment Report,Accepted
Q01325753-I1,,,19-79,STEINWAY STREET,QUEENS,801,1,4015653,New full-downdraft paint spray booth to the existing automotive repair & auto body shop as per the submitted drawing.,Standard Plan Examination or Review,a8fa88c5-b1cb-f011-a4d6-005056b0dd10,22,DEP ACP-5: Asbestos Assessment Report,DEP ACP-5: Asbestos Assessment Report,http://bscan-broker.csc.nycnet:18080/dctm-rest/repositories/bscan_prod_rep/documents/0900303987c84f1d,,FILTERED,,NO ZONING DOCUMENTS,2025-11-28,Supporting Documents,DEP ACP-5: Asbestos Assessment Report,Accepted
Q01041358-I1,,,84-49,168 STREET,QUEENS,9859,88,4210898,"Filing for concrete repairs at interior and facade of parking garage. No change in use, egress, or occupancy.",Standard Plan Examination or Review,899e5e47-7902-ef11-a44a-005056b0fc6c,,DEP ACP-5: Asbestos Assessment Report,DEP ACP-5: Asbestos Assessment Report,http://bscan-broker.csc.nycnet:18080/dctm-rest/repositories/bscan_prod_rep/documents/0900303986ba9d51,,FILTERED,,NO ZONING DOCUMENTS,2024-09-26,Supporting Documents,DEP ACP-5: Asbestos Assessment Report,Accepted
Q01041358-I1,,,84-49,168 STREET,QUEENS,9859,88,4210898,"Filing for concrete repairs at interior and facade of parking garage. No change in use, egress, or occupancy.",Standard Plan Examination or Review,899e5e47-7902-ef11-a44a-005056b0fc6c,,DHCR Document,DHCR Document,http://bscan-broker.csc.nycnet:18080/dctm-rest/repositories/bscan_prod_rep/documents/0900303986ba9d9b,,FILTERED,,NO ZONING DOCUMENTS,2024-04-24,Supporting Documents,DHCR Document,Accepted
B00464221-S2,,,29,MARCONI PLACE,BROOKLYN,1566,4,3042533,"Filing to address ecb viol#'s 35475469y,35475473r,35475472p,35475471n,35475470l,35475427x,35475426y,35475425m,35475431z. work includes removal of kitchen and part. walls and legalize 3-pc bathroom @cellar. Repair fire damage, windows, and lighting @2nd fL",Professional Certification,cea87969-d080-ee11-a42f-005056b04135,22,Restrictive Declaration/Easement 1,Restrictive Declaration/Easement 1,http://bscan-broker.csc.nycnet:18080/dctm-rest/repositories/bscan_prod_rep/documents/09003039860763d8,,FILTERED,,NO ZONING DOCUMENTS,2023-11-11,Supporting Documents,Restrictive Declaration/Easement 1,Accepted
B00464221-S2,,,29,MARCONI PLACE,BROOKLYN,1566,4,3042533,"Filing to address ecb viol#'s 35475469y,35475473r,35475472p,35475471n,35475470l,35475427x,35475426y,35475425m,35475431z. work includes removal of kitchen and part. walls and legalize 3-pc bathroom @cellar. Repair fire damage, windows, and lighting @2nd fL",Professional Certification,cea87969-d080-ee11-a42f-005056b04135,22,DEP ACP-5: Asbestos Assessment Report,DEP ACP-5: Asbestos Assessment Report,http://bscan-broker.csc.nycnet:18080/dctm-rest/repositories/bscan_prod_rep/documents/09003039860763db,,FILTERED,,NO ZONING DOCUMENTS,2023-11-11,Supporting Documents,DEP ACP-5: Asbestos Assessment Report,Accepted
M00922879-I1,,,720,PARK AVENUE,MANHATTAN,1385,32,1041332,"INTERIOR RENOVATION OF EXISTING BATHROOMS IN APARTMENT 17B. NO CHANGE IN USE, OCCUPANCY, OR EGRESS.",Standard Plan Examination or Review,12a7795e-ea40-ee11-a930-005056b0044a,18,Landmark Approval,Landmark Approval,http://bscan-broker.csc.nycnet:18080/dctm-rest/repositories/bscan_prod_rep/documents/0900303985e0784c,,FILTERED,,NO ZONING DOCUMENTS,2023-08-22,Supporting Documents,Landmark Approval,Accepted
M00922879-I1,,,720,PARK AVENUE,MANHATTAN,1385,32,1041332,"INTERIOR RENOVATION OF EXISTING BATHROOMS IN APARTMENT 17B. NO CHANGE IN USE, OCCUPANCY, OR EGRESS.",Standard Plan Examination or Review,12a7795e-ea40-ee11-a930-005056b0044a,18,Proof of Historic Building,Proof of Historic Building,http://bscan-broker.csc.nycnet:18080/dctm-rest/repositories/bscan_prod_rep/documents/0900303985e07851,,FILTERED,,NO ZONING DOCUMENTS,2023-08-22,Supporting Documents,Proof of Historic Building,Accepted
M00922879-I1,,,720,PARK AVENUE,MANHATTAN,1385,32,1041332,"INTERIOR RENOVATION OF EXISTING BATHROOMS IN APARTMENT 17B. NO CHANGE IN USE, OCCUPANCY, OR EGRESS.",Standard Plan Examination or Review,12a7795e-ea40-ee11-a930-005056b0044a,18,DEP ACP-5: Asbestos Assessment Report,DEP ACP-5: Asbestos Assessment Report,http://bscan-broker.csc.nycnet:18080/dctm-rest/repositories/bscan_prod_rep/documents/0900303985e07854,,FILTERED,,NO ZONING DOCUMENTS,2023-08-28,Supporting Documents,DEP ACP-5: Asbestos Assessment Report,Accepted
B00909563-I1,,,1400,BENSON AVENUE,BROOKLYN,6391,24,3167212,RENOVATE EXISTING LIBRARY/CLASSROOM 469 - REPLACE EXISTING SUSPENDED CEILING - NO CHANGE IN USE - NO CHANGE IN OCCUPANCY - NO CHANGE IN EGRESS - NO CHANGE IN VENTILATION,Standard Plan Examination or Review,81dcfa56-1f2b-ee11-a464-005056b0dd10,,Fee Exempt Supporting Document - DOF Property Tax Assessment Roll,Fee Exempt Supporting Document - DOF Property Tax Assessment Roll,http://bscan-broker.csc.nycnet:18080/dctm-rest/repositories/bscan_prod_rep/documents/0900303985b932f9,,FILTERED,,NO ZONING DOCUMENTS,2023-07-25,Supporting Documents,Fee Exempt Supporting Document - DOF ACRIS report or BIB letter,Accepted
B00909563-I1,,,1400,BENSON AVENUE,BROOKLYN,6391,24,3167212,RENOVATE EXISTING LIBRARY/CLASSROOM 469 - REPLACE EXISTING SUSPENDED CEILING - NO CHANGE IN USE - NO CHANGE IN OCCUPANCY - NO CHANGE IN EGRESS - NO CHANGE IN VENTILATION,Standard Plan Examination or Review,81dcfa56-1f2b-ee11-a464-005056b0dd10,,Design Commission Approval City Owned (Exterior Work),Design Commission Approval City Owned (Exterior Work),http://bscan-broker.csc.nycnet:18080/dctm-rest/repositories/bscan_prod_rep/documents/0900303985b93336,,FILTERED,,NO ZONING DOCUMENTS,2023-07-25,Supporting Documents,Design Commission Approval City Owned (Exterior Work),Accepted
B00909563-I1,,,1400,BENSON AVENUE,BROOKLYN,6391,24,3167212,RENOVATE EXISTING LIBRARY/CLASSROOM 469 - REPLACE EXISTING SUSPENDED CEILING - NO CHANGE IN USE - NO CHANGE IN OCCUPANCY - NO CHANGE IN EGRESS - NO CHANGE IN VENTILATION,Standard Plan Examination or Review,81dcfa56-1f2b-ee11-a464-005056b0dd10,,Design Commission Sign Off City Owned (Exterior Work),Design Commission Sign Off City Owned (Exterior Work),http://bscan-broker.csc.nycnet:18080/dctm-rest/repositories/bscan_prod_rep/documents/0900303985b93334,,FILTERED,,NO ZONING DOCUMENTS,2023-07-25,Supporting Documents,Design Commission Sign Off City Owned (Exterior Work),Accepted
B00909563-I1,,,1400,BENSON AVENUE,BROOKLYN,6391,24,3167212,RENOVATE EXISTING LIBRARY/CLASSROOM 469 - REPLACE EXISTING SUSPENDED CEILING - NO CHANGE IN USE - NO CHANGE IN OCCUPANCY - NO CHANGE IN EGRESS - NO CHANGE IN VENTILATION,Standard Plan Examination or Review,81dcfa56-1f2b-ee11-a464-005056b0dd10,,Proof of Historic Building,Proof of Historic Building,http://bscan-broker.csc.nycnet:18080/dctm-rest/repositories/bscan_prod_rep/documents/0900303985b93337,,FILTERED,,NO ZONING DOCUMENTS,2023-07-25,Supporting Documents,Proof of Historic Building,Accepted
M00745181-I1,,,210,EAST   17 STREET,MANHATTAN,897,69,1019548,"MODERATE INTERIOR RENOVATION OF APT #2B CONSISTING OF PARTITIONS, NEW KITCHEN APPLIANCES,TILEWORK, GWB, MILLWORK, AND COSMETIC FINISHES AS INDICATED. NO CHANGE TO EGRESS,OCCUPANCY OR USE.",Standard Plan Examination or Review,9133d3c9-29dc-ec11-a8f4-005056b0044a,22,Landmark Approval,Landmark Approval,http://bscan-broker.csc.nycnet:18080/dctm-rest/repositories/bscan_prod_rep/documents/0900303984ddf31a,,FILTERED,,NO ZONING DOCUMENTS,2022-05-25,Supporting Documents,Landmark Approval,Accepted
M00745181-I1,,,210,EAST   17 STREET,MANHATTAN,897,69,1019548,"MODERATE INTERIOR RENOVATION OF APT #2B CONSISTING OF PARTITIONS, NEW KITCHEN APPLIANCES,TILEWORK, GWB, MILLWORK, AND COSMETIC FINISHES AS INDICATED. NO CHANGE TO EGRESS,OCCUPANCY OR USE.",Standard Plan Examination or Review,9133d3c9-29dc-ec11-a8f4-005056b0044a,22,DEP ACP-5: Asbestos Assessment Report,DEP ACP-5: Asbestos Assessment Report,http://bscan-broker.csc.nycnet:18080/dctm-rest/repositories/bscan_prod_rep/documents/0900303984ddf37a,,FILTERED,,NO ZONING DOCUMENTS,2022-06-03,Supporting Documents,DEP ACP-5: Asbestos Assessment Report,Accepted
M07993598-I1,,,48,STUYVESANT STREET,MANHATTAN,465,46,1006794,"FACADE REPAIR INCLUDING RAKE AND POINT MORTAR JOINTS, PATCH STUCCO AND WATERPROOF COATING, SEAL CRACKS IN WINDOW SILLS, PAINT AREAS ON SIDE AND REAR FACADE.",Professional Certification,3f4ef14f-9824-ed11-a3f2-005056b0fc6c,18,DEP ACP-5: Asbestos Assessment Report,DEP ACP-5: Asbestos Assessment Report,http://bscan-broker.csc.nycnet:18080/dctm-rest/repositories/bscan_prod_rep/documents/09003039850e36bb,,FILTERED,,NO ZONING DOCUMENTS,2022-08-25,Supporting Documents,DEP ACP-5: Asbestos Assessment Report,Accepted
M01222872-P1,,,340,EAST   72 STREET,MANHATTAN,1446,38,1044864,RENOVATIONS OF EXISTING PENTHOUSE APARTMENT AS PER PLANS HEREWITH FILED.,Standard Plan Examination or Review,073abc53-cc7d-f011-a999-005056b0044a,6,DEP ACP-5: Asbestos Assessment Report,DEP ACP-5: Asbestos Assessment Report,http://bscan-broker.csc.nycnet:18080/dctm-rest/repositories/bscan_prod_rep/documents/09003039873d00e3,,FILTERED,,NO ZONING DOCUMENTS,2025-08-20,Supporting Documents,DEP ACP-5: Asbestos Assessment Report,Accepted
M01229547-I1,,,912,FIFTH AVENUE,MANHATTAN,1387,4,1041451,"Application being filed for the interior renovations to apartment 6B. Work to include non-structural demolition, general construction, and finishes. No change in use, egress, or occupancy,",Standard Plan Examination or Review,98da26a7-6036-f011-a4be-005056b0dd10,18,DEP ACP-5: Asbestos Assessment Report,DEP ACP-5: Asbestos Assessment Report,http://bscan-broker.csc.nycnet:18080/dctm-rest/repositories/bscan_prod_rep/documents/09003039876331a9,,FILTERED,,NO ZONING DOCUMENTS,2025-06-02,Supporting Documents,DEP ACP-5: Asbestos Assessment Report,Accepted
M01229547-I1,,,912,FIFTH AVENUE,MANHATTAN,1387,4,1041451,"Application being filed for the interior renovations to apartment 6B. Work to include non-structural demolition, general construction, and finishes. No change in use, egress, or occupancy,",Standard Plan Examination or Review,98da26a7-6036-f011-a4be-005056b0dd10,18,Landmark Approval,Landmark Approval,http://bscan-broker.csc.nycnet:18080/dctm-rest/repositories/bscan_prod_rep/documents/09003039876331ab,,FILTERED,,NO ZONING DOCUMENTS,2025-05-21,Supporting Documents,Landmark Approval,Accepted
M00894099-P2,,,95,WEST   95 STREET,MANHATTAN,1209,1,1088109,"REPAIR EXIST ROOF OF EXISTING 32 STORIES BUILDING. NO CHANGE IN EGRESS, USE OR OCCUPANCY.",Professional Certification,92ba5bbd-0467-ef11-a965-005056b0044a,,OER: Notice to Proceed,OER: Notice to Proceed,http://bscan-broker.csc.nycnet:18080/dctm-rest/repositories/bscan_prod_rep/documents/0900303986a38ed2,,FILTERED,,NO ZONING DOCUMENTS,2024-08-30,Supporting Documents,OER: Notice to Proceed,Accepted
X01284517-I1,,,1065,UNIVERSITY AVENUE,BRONX,2527,32,2093964,"Application to be reviewed with the Development HUB. Site yard work and new 8'-0"" high aluminum fence as per plans filed herewith. No change to use, egress or occupancy.",Standard Plan Examination or Review,67116d69-b38d-f011-a4d1-005056b09d5b,10,Fee Exempt Supporting Document - DOF Property Tax Assessment Roll,Fee Exempt Supporting Document - DOF Property Tax Assessment Roll,http://bscan-broker.csc.nycnet:18080/dctm-rest/repositories/bscan_prod_rep/documents/0900303987849383,,FILTERED,,NO ZONING DOCUMENTS,2025-09-09,Supporting Documents,Fee Exempt Supporting Document - DOF ACRIS report or BIB letter,Accepted
,,,,,,222,15,4003159,,,,,,,,,AKAMAI_BLOCKED,,,,,,
Q01203438-I1,,,43-31,35 STREET,QUEENS,222,15,4003159,"ALTERATION C/O APPLICATION FOR THE ALTERATION AND CONVERSION OF AN EXISTING TWO (2) STORY AND CELLAR FACTORY BUILDING INTO A ""WAREHOUSE"" (ON 36TH STREET SIDE) AND AN ""AUTO REPAIR SHOP"" (ON 35TH STREET SIDE).",Standard Plan Examination or Review,8c70f3d1-620e-f011-a986-005056b0c55c,22,Property Ownership Certification,Property Ownership Certification,http://bscan-broker.csc.nycnet:18080/dctm-rest/repositories/bscan_prod_rep/documents/09003039877001ed,,FILTERED,,NO ZONING DOCUMENTS,2025-06-12,Supporting Documents,Property Ownership Certification,Accepted
Q01203438-I1,,,43-31,35 STREET,QUEENS,222,15,4003159,"ALTERATION C/O APPLICATION FOR THE ALTERATION AND CONVERSION OF AN EXISTING TWO (2) STORY AND CELLAR FACTORY BUILDING INTO A ""WAREHOUSE"" (ON 36TH STREET SIDE) AND AN ""AUTO REPAIR SHOP"" (ON 35TH STREET SIDE).",Standard Plan Examination or Review,8c70f3d1-620e-f011-a986-005056b0c55c,22,House Number Verification: TOPO Stamp,House Number Verification: TOPO Stamp,http://bscan-broker.csc.nycnet:18080/dctm-rest/repositories/bscan_prod_rep/documents/09003039877b3fc1,,FILTERED,,NO ZONING DOCUMENTS,2025-03-31,Supporting Documents,House Number Verification: TOPO Stamp,Accepted
Q01203438-I1,,,43-31,35 STREET,QUEENS,222,15,4003159,"ALTERATION C/O APPLICATION FOR THE ALTERATION AND CONVERSION OF AN EXISTING TWO (2) STORY AND CELLAR FACTORY BUILDING INTO A ""WAREHOUSE"" (ON 36TH STREET SIDE) AND AN ""AUTO REPAIR SHOP"" (ON 35TH STREET SIDE).",Standard Plan Examination or Review,8c70f3d1-620e-f011-a986-005056b0c55c,22,Street Tree Checklist,Street Tree Checklist,http://bscan-broker.csc.nycnet:18080/dctm-rest/repositories/bscan_prod_rep/documents/09003039877011ba,,FILTERED,,NO ZONING DOCUMENTS,2025-03-31,Supporting Documents,Street Tree Checklist,Accepted
Q01203438-I1,,,43-31,35 STREET,QUEENS,222,15,4003159,"ALTERATION C/O APPLICATION FOR THE ALTERATION AND CONVERSION OF AN EXISTING TWO (2) STORY AND CELLAR FACTORY BUILDING INTO A ""WAREHOUSE"" (ON 36TH STREET SIDE) AND AN ""AUTO REPAIR SHOP"" (ON 35TH STREET SIDE).",Standard Plan Examination or Review,8c70f3d1-620e-f011-a986-005056b0c55c,22,DEP ACP-20/ACP-21: Asbestos Project Conditional Completion Form/Asbestos Project Completion Form,DEP ACP-20/ACP-21: Asbestos Project Conditional Completion Form/Asbestos Project Completion Form,http://bscan-broker.csc.nycnet:18080/dctm-rest/repositories/bscan_prod_rep/objects/090030398943587f,,FILTERED,,NO ZONING DOCUMENTS,2025-06-30,Supporting Documents,DEP ACP-20/ACP-21: Asbestos Project Conditional Completion Form/Asbestos Project Completion Form,Accepted
Q01203438-I1,,,43-31,35 STREET,QUEENS,222,15,4003159,"ALTERATION C/O APPLICATION FOR THE ALTERATION AND CONVERSION OF AN EXISTING TWO (2) STORY AND CELLAR FACTORY BUILDING INTO A ""WAREHOUSE"" (ON 36TH STREET SIDE) AND AN ""AUTO REPAIR SHOP"" (ON 35TH STREET SIDE).",Standard Plan Examination or Review,8c70f3d1-620e-f011-a986-005056b0c55c,22,Other Documents  - Certificate of Occupancy,Other Documents  - Certificate of Occupancy,http://bscan-broker.csc.nycnet:18080/dctm-rest/repositories/bscan_prod_rep/objects/0900303987a609a5,,FILTERED,,NO ZONING DOCUMENTS,2025-11-07,Supporting Documents,Other Documents - Prior to Approval,Accepted
Q01203438-I1,,,43-31,35 STREET,QUEENS,222,15,4003159,"ALTERATION C/O APPLICATION FOR THE ALTERATION AND CONVERSION OF AN EXISTING TWO (2) STORY AND CELLAR FACTORY BUILDING INTO A ""WAREHOUSE"" (ON 36TH STREET SIDE) AND AN ""AUTO REPAIR SHOP"" (ON 35TH STREET SIDE).",Standard Plan Examination or Review,8c70f3d1-620e-f011-a986-005056b0c55c,22,Other Documents  - C of O with FDNY Certification,Other Documents  - C of O with FDNY Certification,http://bscan-broker.csc.nycnet:18080/dctm-rest/repositories/bscan_prod_rep/objects/09003039891eaaf0,,FILTERED,,NO ZONING DOCUMENTS,2026-03-16,Supporting Documents,Other Documents - Prior to Approval,Accepted
Q01203438-I1,,,43-31,35 STREET,QUEENS,222,15,4003159,"ALTERATION C/O APPLICATION FOR THE ALTERATION AND CONVERSION OF AN EXISTING TWO (2) STORY AND CELLAR FACTORY BUILDING INTO A ""WAREHOUSE"" (ON 36TH STREET SIDE) AND AN ""AUTO REPAIR SHOP"" (ON 35TH STREET SIDE).",Standard Plan Examination or Review,8c70f3d1-620e-f011-a986-005056b0c55c,22,Other Documents  - ACP5,Other Documents  - ACP5,http://bscan-broker.csc.nycnet:18080/dctm-rest/repositories/bscan_prod_rep/documents/09003039878f3878,,FILTERED,,NO ZONING DOCUMENTS,2025-09-29,Supporting Documents,Other Documents - Prior to Approval,Accepted
Q01203438-I1,,,43-31,35 STREET,QUEENS,222,15,4003159,"ALTERATION C/O APPLICATION FOR THE ALTERATION AND CONVERSION OF AN EXISTING TWO (2) STORY AND CELLAR FACTORY BUILDING INTO A ""WAREHOUSE"" (ON 36TH STREET SIDE) AND AN ""AUTO REPAIR SHOP"" (ON 35TH STREET SIDE).",Standard Plan Examination or Review,8c70f3d1-620e-f011-a986-005056b0c55c,22,Other Documents  - Previous Approved Plan Set,Other Documents  - Previous Approved Plan Set,http://bscan-broker.csc.nycnet:18080/dctm-rest/repositories/bscan_prod_rep/objects/090030398908450b,,FILTERED,,NO ZONING DOCUMENTS,2026-02-03,Supporting Documents,Other Documents - Prior to Approval,Accepted
M00849309-I1,,,390,BROADWAY,MANHATTAN,195,4,1002320,INTERIOR RENOVATION TO EXISTING COMMERCIAL RETAIL SPACEON THIRD FLOOR. MINOR PARTITION WORK. NO CHANGE IN USEOR OCCUPANCY UNDER THIS APPLICATION. NO CHANGE INEGRESS,Standard Plan Examination or Review,5734e4e3-d6c9-ed11-a913-005056b0c55c,,,,,,AKAMAI_BLOCKED,,BLOCKED,,,,
M00849309-I1,,,390,BROADWAY,MANHATTAN,195,4,1002320,INTERIOR RENOVATION TO EXISTING COMMERCIAL RETAIL SPACEON THIRD FLOOR. MINOR PARTITION WORK. NO CHANGE IN USEOR OCCUPANCY UNDER THIS APPLICATION. NO CHANGE INEGRESS,Standard Plan Examination or Review,5734e4e3-d6c9-ed11-a913-005056b0c55c,22,Landmark Approval,Landmark Approval,http://bscan-broker.csc.nycnet:18080/dctm-rest/repositories/bscan_prod_rep/documents/090030398593e1d4,,FILTERED,,NO ZONING DOCUMENTS,2023-03-23,Supporting Documents,Landmark Approval,Accepted
M00849309-I1,,,390,BROADWAY,MANHATTAN,195,4,1002320,INTERIOR RENOVATION TO EXISTING COMMERCIAL RETAIL SPACEON THIRD FLOOR. MINOR PARTITION WORK. NO CHANGE IN USEOR OCCUPANCY UNDER THIS APPLICATION. NO CHANGE INEGRESS,Standard Plan Examination or Review,5734e4e3-d6c9-ed11-a913-005056b0c55c,22,OER: Notice to Proceed,OER: Notice to Proceed,http://bscan-broker.csc.nycnet:18080/dctm-rest/repositories/bscan_prod_rep/documents/0900303985bb9589,,FILTERED,,NO ZONING DOCUMENTS,2023-03-23,Supporting Documents,OER: Notice to Proceed,Accepted
M00849309-I1,,,390,BROADWAY,MANHATTAN,195,4,1002320,INTERIOR RENOVATION TO EXISTING COMMERCIAL RETAIL SPACEON THIRD FLOOR. MINOR PARTITION WORK. NO CHANGE IN USEOR OCCUPANCY UNDER THIS APPLICATION. NO CHANGE INEGRESS,Standard Plan Examination or Review,5734e4e3-d6c9-ed11-a913-005056b0c55c,22,DEP ACP-5: Asbestos Assessment Report,DEP ACP-5: Asbestos Assessment Report,http://bscan-broker.csc.nycnet:18080/dctm-rest/repositories/bscan_prod_rep/documents/090030398593e1d6,,FILTERED,,NO ZONING DOCUMENTS,2023-03-23,Supporting Documents,DEP ACP-5: Asbestos Assessment Report,Accepted
X01270006-I1,,,6393,BROADWAY,BRONX,5841,1978,2084656,FILING TO INSTALL PERIMETER FENCE AS PER PLANS.,Standard Plan Examination or Review,3a170862-2777-f011-a4ce-005056b09d5b,6,Fee Exempt Supporting Document - DOF Property Tax Assessment Roll,Fee Exempt Supporting Document - DOF Property Tax Assessment Roll,http://bscan-broker.csc.nycnet:18080/dctm-rest/repositories/bscan_prod_rep/documents/0900303987748da8,,FILTERED,,NO ZONING DOCUMENTS,2025-08-11,Supporting Documents,Fee Exempt Supporting Document - DOF ACRIS report or BIB letter,Accepted
X01270006-I1,,,6393,BROADWAY,BRONX,5841,1978,2084656,FILING TO INSTALL PERIMETER FENCE AS PER PLANS.,Standard Plan Examination or Review,3a170862-2777-f011-a4ce-005056b09d5b,6,Design Commission Approval City Owned (Exterior Work),Design Commission Approval City Owned (Exterior Work),http://bscan-broker.csc.nycnet:18080/dctm-rest/repositories/bscan_prod_rep/documents/0900303987748dac,,FILTERED,,NO ZONING DOCUMENTS,2025-08-11,Supporting Documents,Design Commission Approval City Owned (Exterior Work),Accepted
X01270006-I1,,,6393,BROADWAY,BRONX,5841,1978,2084656,FILING TO INSTALL PERIMETER FENCE AS PER PLANS.,Standard Plan Examination or Review,3a170862-2777-f011-a4ce-005056b09d5b,6,HPD-3: Single Room Occupancy Multiple Dwelling (SRO MD) Anti-Harassment Checklist,HPD-3: Single Room Occupancy Multiple Dwelling (SRO MD) Anti-Harassment Checklist,http://bscan-broker.csc.nycnet:18080/dctm-rest/repositories/bscan_prod_rep/documents/0900303987748dc6,,FILTERED,,NO ZONING DOCUMENTS,2025-08-11,Supporting Documents,HPD-3: Single Room Occupancy Multiple Dwelling (SRO MD) Anti-Harassment Checklist,Accepted
,,,,,,5446,18,4123454,,,,,,,,,AKAMAI_BLOCKED,,,,,,
Q00640102-P5,,,167-02,45 AVENUE,QUEENS,5446,18,4123454,"PS107Q - Media Center Renovation. Flooring, Doors, Partitions, Furnishing and Finishes",Standard Plan Examination or Review,638f7924-0efc-ee11-a488-005056b0dd10,6,Design Commission Approval City Owned (Exterior Work),Design Commission Approval City Owned (Exterior Work),http://bscan-broker.csc.nycnet:18080/dctm-rest/repositories/bscan_prod_rep/documents/0900303984893326,,FILTERED,,NO ZONING DOCUMENTS,2024-04-16,Supporting Documents,Design Commission Approval City Owned (Exterior Work),Accepted
Q00640102-P5,,,167-02,45 AVENUE,QUEENS,5446,18,4123454,"PS107Q - Media Center Renovation. Flooring, Doors, Partitions, Furnishing and Finishes",Standard Plan Examination or Review,638f7924-0efc-ee11-a488-005056b0dd10,6,DEP ACP-5: Asbestos Assessment Report,DEP ACP-5: Asbestos Assessment Report,http://bscan-broker.csc.nycnet:18080/dctm-rest/repositories/bscan_prod_rep/documents/09003039854671e7,,FILTERED,,NO ZONING DOCUMENTS,2024-04-16,Supporting Documents,DEP ACP-5: Asbestos Assessment Report,Accepted
Q00640102-P5,,,167-02,45 AVENUE,QUEENS,5446,18,4123454,"PS107Q - Media Center Renovation. Flooring, Doors, Partitions, Furnishing and Finishes",Standard Plan Examination or Review,638f7924-0efc-ee11-a488-005056b0dd10,6,Proof of Historic Building,Proof of Historic Building,http://bscan-broker.csc.nycnet:18080/dctm-rest/repositories/bscan_prod_rep/documents/09003039847bb4d5,,FILTERED,,NO ZONING DOCUMENTS,2024-04-16,Supporting Documents,Proof of Historic Building,Accepted
Q00640102-P5,,,167-02,45 AVENUE,QUEENS,5446,18,4123454,"PS107Q - Media Center Renovation. Flooring, Doors, Partitions, Furnishing and Finishes",Standard Plan Examination or Review,638f7924-0efc-ee11-a488-005056b0dd10,6,Fee Exempt Supporting Document - DOF Property Tax Assessment Roll,Fee Exempt Supporting Document - DOF Property Tax Assessment Roll,http://bscan-broker.csc.nycnet:18080/dctm-rest/repositories/bscan_prod_rep/documents/09003039848dd3fa,,FILTERED,,NO ZONING DOCUMENTS,2024-04-16,Supporting Documents,Fee Exempt Supporting Document - DOF ACRIS report or BIB letter,Accepted
M00841344-I1,,,155,6 AVENUE,MANHATTAN,491,46,1007385,FACADE REPAIR OF EXTERIOR WALLS AND APPRURTENANCES AS PER PLANS.,Professional Certification,b860459b-85be-ed11-a913-005056b0044a,,DEP ACP-5: Asbestos Assessment Report,DEP ACP-5: Asbestos Assessment Report,http://bscan-broker.csc.nycnet:18080/dctm-rest/repositories/bscan_prod_rep/documents/090030398575f1f2,,FILTERED,,NO ZONING DOCUMENTS,2023-03-09,Supporting Documents,DEP ACP-5: Asbestos Assessment Report,Accepted
B01209933-P1,,,215,ADAMS STREET,BROOKLYN,86,11,3325913,"NTERIOR RENOVATION OF APARTMENT 2F. PARTITION CHANGES TO NON-LOAD-BEARING WALLS AS PER PLANS. NO CHANGE IN USE, OCCUPANCY OREGRESS.",Standard Plan Examination or Review,57f56295-b811-f111-a4a1-005056b0fc6c,6,DEP ACP-5: Asbestos Assessment Report,DEP ACP-5: Asbestos Assessment Report,http://bscan-broker.csc.nycnet:18080/dctm-rest/repositories/bscan_prod_rep/documents/09003039874161e3,,FILTERED,,NO ZONING DOCUMENTS,2026-02-24,Supporting Documents,DEP ACP-5: Asbestos Assessment Report,Accepted
B01209933-P1,,,215,ADAMS STREET,BROOKLYN,86,11,3325913,"NTERIOR RENOVATION OF APARTMENT 2F. PARTITION CHANGES TO NON-LOAD-BEARING WALLS AS PER PLANS. NO CHANGE IN USE, OCCUPANCY OREGRESS.",Standard Plan Examination or Review,57f56295-b811-f111-a4a1-005056b0fc6c,6,Other Documents  - AI1 ADDITIONAL INFORMATION,Other Documents  - AI1 ADDITIONAL INFORMATION,http://bscan-broker.csc.nycnet:18080/dctm-rest/repositories/bscan_prod_rep/documents/09003039891b3819,,FILTERED,,NO ZONING DOCUMENTS,2026-03-10,Supporting Documents,Other Documents - Prior to Approval,Accepted
B01209933-P1,,,215,ADAMS STREET,BROOKLYN,86,11,3325913,"NTERIOR RENOVATION OF APARTMENT 2F. PARTITION CHANGES TO NON-LOAD-BEARING WALLS AS PER PLANS. NO CHANGE IN USE, OCCUPANCY OREGRESS.",Standard Plan Examination or Review,57f56295-b811-f111-a4a1-005056b0fc6c,6,Other Documents  - Certificate of Occupancy,Other Documents  - Certificate of Occupancy,http://bscan-broker.csc.nycnet:18080/dctm-rest/repositories/bscan_prod_rep/documents/090030398749758c,,FILTERED,,NO ZONING DOCUMENTS,2026-02-24,Supporting Documents,Other Documents - Prior to Approval,Accepted
,,,,,,4717,91,2060157,,,,,,,,,AKAMAI_BLOCKED,,,,,,
X01375706-I1,,,1477,NEEDHAM AVENUE,BRONX,4717,91,2060157,"No change in use, egress, or occupancy.",Professional Certification,d3cd840f-8224-f111-a9b2-005056b0c55c,22,,,,,NO DOCUMENTS,,NO ZONING DOCUMENTS,,,,
M00848788-I1,,,1012,6 AVENUE,MANHATTAN,839,7502,1085979,"PROPOSED INTERIOR RENOVATION ON PARTIAL 1ST FLOOR. CEILING, FLOORING & PARTITION WORKS AS PER PLAN. NO CHANGE IN USE, BULK, EGRESS OR OCCUPANCY.",Standard Plan Examination or Review,3663262c-8dc9-ed11-a451-005056b0dd10,,,,,,AKAMAI_BLOCKED,,BLOCKED,,,,
M00848788-I1,,,1012,6 AVENUE,MANHATTAN,839,7502,1085979,"PROPOSED INTERIOR RENOVATION ON PARTIAL 1ST FLOOR. CEILING, FLOORING & PARTITION WORKS AS PER PLAN. NO CHANGE IN USE, BULK, EGRESS OR OCCUPANCY.",Standard Plan Examination or Review,3663262c-8dc9-ed11-a451-005056b0dd10,22,,,,,NO DOCUMENTS,,NO ZONING DOCUMENTS,,,,
M00765885-I1,,,1,IRVING PLACE,MANHATTAN,870,7501,1083247,Modification of 1st floor Bathroom per plans filed herewith,Professional Certification,dceb56cb-f9f6-ec11-a8f4-005056b0c55c,18,EN2: As Built Energy Analysis,EN2: As Built Energy Analysis,http://bscan-broker.csc.nycnet:18080/dctm-rest/repositories/bscan_prod_rep/documents/09003039896ae8f6,,FILTERED,,NO ZONING DOCUMENTS,2023-02-22,Supporting Documents,EN2: As Built Energy Analysis,Accepted
M00765885-I1,,,1,IRVING PLACE,MANHATTAN,870,7501,1083247,Modification of 1st floor Bathroom per plans filed herewith,Professional Certification,dceb56cb-f9f6-ec11-a8f4-005056b0c55c,18,DEP ACP-5: Asbestos Assessment Report,DEP ACP-5: Asbestos Assessment Report,http://bscan-broker.csc.nycnet:18080/dctm-rest/repositories/bscan_prod_rep/documents/0900303984ed4bf9,,FILTERED,,NO ZONING DOCUMENTS,2022-07-12,Supporting Documents,DEP ACP-5: Asbestos Assessment Report,Accepted
,,,,,,9404,36,4197695,,,,,,,,,AKAMAI_BLOCKED,,,,,,
Q01146158-I1,,,102-09,101 AVENUE,QUEENS,9404,36,4197695,"ERECT NEW AWNING WITH COPY. NO CHANGE IN USE, EGRESS OR CERTIFICATE OF OCCUPANCY.",Professional Certification,69be08f5-47a8-ef11-a974-005056b0044a,22,,,,,NO DOCUMENTS,,NO ZONING DOCUMENTS,,,,
M00528558-P2,,,1,IRVING PLACE,MANHATTAN,870,7501,1083247,Interior removal of existing demising partition to create larger UG 10 Retail establishment at ground floor.  Associated storefront modifications to accommodate adjusted egress.,Standard Plan Examination or Review,6b6ed20b-bd61-ec11-a41d-005056b09d5b,6,DEP ACP-5: Asbestos Assessment Report,DEP ACP-5: Asbestos Assessment Report,http://bscan-broker.csc.nycnet:18080/dctm-rest/repositories/bscan_prod_rep/documents/090030398424d3d6,,FILTERED,,NO ZONING DOCUMENTS,2021-12-20,Supporting Documents,DEP ACP-5: Asbestos Assessment Report,Accepted
M00528558-P2,,,1,IRVING PLACE,MANHATTAN,870,7501,1083247,Interior removal of existing demising partition to create larger UG 10 Retail establishment at ground floor.  Associated storefront modifications to accommodate adjusted egress.,Standard Plan Examination or Review,6b6ed20b-bd61-ec11-a41d-005056b09d5b,6,Street Tree Checklist,Street Tree Checklist,http://bscan-broker.csc.nycnet:18080/dctm-rest/repositories/bscan_prod_rep/documents/090030398424d3d8,,FILTERED,,NO ZONING DOCUMENTS,2021-12-20,Supporting Documents,Street Tree Checklist,Accepted
X00534348-I1,,,1722,TOWNSEND AVENUE,BRONX,2849,61,2008194,"Remove illegal partitions in cellar. Remove kitchen and bathtub. Legalize W.C. and Lavatory. Restore to prior legal condition per violation #34696257P. No change to bulk, use or egress.",Standard Plan Examination or Review,16dd1c45-59c5-eb11-a402-005056b0dd10,6,DEP ACP-5: Asbestos Assessment Report,DEP ACP-5: Asbestos Assessment Report,http://bscan-broker.csc.nycnet:18080/dctm-rest/repositories/bscan_prod_rep/documents/09003039843b7798,,FILTERED,,NO ZONING DOCUMENTS,2021-06-04,Supporting Documents,DEP ACP-5: Asbestos Assessment Report,Accepted
Q00538221-S1,,,43-29,MURRAY STREET,QUEENS,5412,15,4122136,Herewith with filing ST/FO/EA work types conjunction with Q00538221.,Standard Plan Examination or Review,a4c06ece-ad05-ec11-a40c-005056b0dd10,,,,,,AKAMAI_BLOCKED,,BLOCKED,,,,
Q00538221-S1,,,43-29,MURRAY STREET,QUEENS,5412,15,4122136,Herewith with filing ST/FO/EA work types conjunction with Q00538221.,Standard Plan Examination or Review,a4c06ece-ad05-ec11-a40c-005056b0dd10,18,Local Law 92/94 of 2019 Sustainable Roof Zone,Local Law 92/94 of 2019 Sustainable Roof Zone,http://bscan-broker.csc.nycnet:18080/dctm-rest/repositories/bscan_prod_rep/documents/09003039846073e7,,FILTERED,,HAS ZONING DOCUMENTS,2021-08-25,Supporting Documents,Local Law 92/94 of 2019 Sustainable Roof Zone,Accepted
Q00538221-S1,,,43-29,MURRAY STREET,QUEENS,5412,15,4122136,Herewith with filing ST/FO/EA work types conjunction with Q00538221.,Standard Plan Examination or Review,a4c06ece-ad05-ec11-a40c-005056b0dd10,18,Project Specific General Liability (PGL1),Project Specific General Liability (PGL1),http://bscan-broker.csc.nycnet:18080/dctm-rest/repositories/bscan_prod_rep/documents/0900303984a76cf1,,FILTERED,,HAS ZONING DOCUMENTS,2021-08-25,Supporting Documents,Project Specific General Liability (PGL1),Accepted
Q00538221-S1,,,43-29,MURRAY STREET,QUEENS,5412,15,4122136,Herewith with filing ST/FO/EA work types conjunction with Q00538221.,Standard Plan Examination or Review,a4c06ece-ad05-ec11-a40c-005056b0dd10,18,Restrictive Declaration/Easement 1,Restrictive Declaration/Easement 1,http://bscan-broker.csc.nycnet:18080/dctm-rest/repositories/bscan_prod_rep/documents/09003039846073eb,,FILTERED,,HAS ZONING DOCUMENTS,2021-08-25,Supporting Documents,Restrictive Declaration/Easement 1,Accepted
Q00538221-S1,,,43-29,MURRAY STREET,QUEENS,5412,15,4122136,Herewith with filing ST/FO/EA work types conjunction with Q00538221.,Standard Plan Examination or Review,a4c06ece-ad05-ec11-a40c-005056b0dd10,18,Restrictive Declaration/Easement 2,Restrictive Declaration/Easement 2,http://bscan-broker.csc.nycnet:18080/dctm-rest/repositories/bscan_prod_rep/documents/09003039846073e9,,FILTERED,,HAS ZONING DOCUMENTS,2021-08-25,Supporting Documents,Restrictive Declaration/Easement 2,Accepted
Q00538221-S1,,,43-29,MURRAY STREET,QUEENS,5412,15,4122136,Herewith with filing ST/FO/EA work types conjunction with Q00538221.,Standard Plan Examination or Review,a4c06ece-ad05-ec11-a40c-005056b0dd10,18,Restrictive Declaration/Easement 3,Restrictive Declaration/Easement 3,http://bscan-broker.csc.nycnet:18080/dctm-rest/repositories/bscan_prod_rep/documents/09003039846073ea,,FILTERED,,HAS ZONING DOCUMENTS,2021-08-25,Supporting Documents,Restrictive Declaration/Easement 3,Accepted
Q00538221-S1,,,43-29,MURRAY STREET,QUEENS,5412,15,4122136,Herewith with filing ST/FO/EA work types conjunction with Q00538221.,Standard Plan Examination or Review,a4c06ece-ad05-ec11-a40c-005056b0dd10,18,DEP: Sewer Certification (Sanitary/Storm),DEP: Sewer Certification (Sanitary/Storm),http://bscan-broker.csc.nycnet:18080/dctm-rest/repositories/bscan_prod_rep/documents/09003039846073ec,,FILTERED,,HAS ZONING DOCUMENTS,2021-08-25,Supporting Documents,DEP: Sewer Certification (Sanitary/Storm),Accepted
Q00538221-S1,,,43-29,MURRAY STREET,QUEENS,5412,15,4122136,Herewith with filing ST/FO/EA work types conjunction with Q00538221.,Standard Plan Examination or Review,a4c06ece-ad05-ec11-a40c-005056b0dd10,18,Parks Department Acknowledgment Letter for Street Trees Plan,Parks Department Acknowledgment Letter for Street Trees Plan,http://bscan-broker.csc.nycnet:18080/dctm-rest/repositories/bscan_prod_rep/documents/0900303984a76cf5,,FILTERED,,HAS ZONING DOCUMENTS,2021-08-25,Supporting Documents,Parks Department Acknowledgment Letter for Street Trees Plan,Accepted
Q00538221-S1,,,43-29,MURRAY STREET,QUEENS,5412,15,4122136,Herewith with filing ST/FO/EA work types conjunction with Q00538221.,Standard Plan Examination or Review,a4c06ece-ad05-ec11-a40c-005056b0dd10,18,Standpipe Alarm Drawings or AI1,Standpipe Alarm Drawings or AI1,http://bscan-broker.csc.nycnet:18080/dctm-rest/repositories/bscan_prod_rep/documents/0900303984a781b1,,FILTERED,,HAS ZONING DOCUMENTS,2021-08-25,Supporting Documents,Standpipe Alarms Drawings,Accepted
Q00538221-S1,,,43-29,MURRAY STREET,QUEENS,5412,15,4122136,Herewith with filing ST/FO/EA work types conjunction with Q00538221.,Standard Plan Examination or Review,a4c06ece-ad05-ec11-a40c-005056b0dd10,18,Street Tree Checklist,Street Tree Checklist,http://bscan-broker.csc.nycnet:18080/dctm-rest/repositories/bscan_prod_rep/documents/09003039846073ee,,FILTERED,,HAS ZONING DOCUMENTS,2021-08-25,Supporting Documents,Street Tree Checklist,Accepted
Q00538221-S1,,,43-29,MURRAY STREET,QUEENS,5412,15,4122136,Herewith with filing ST/FO/EA work types conjunction with Q00538221.,Standard Plan Examination or Review,a4c06ece-ad05-ec11-a40c-005056b0dd10,18,ZD1: DOB Zoning Diagram,ZD1: DOB Zoning Diagram,http://bscan-broker.csc.nycnet:18080/dctm-rest/repositories/bscan_prod_rep/documents/09003039846073ef,https://a810-DOBNOW.nyc.gov/Publish/DocumentStage//PortalDownloadedDocuments/QUEENS/TEST//20260805064748921316579572/ZD1 DOB Zoning Diagram.pdf,OK,,HAS ZONING DOCUMENTS,2021-08-25,Supporting Documents,ZD1: DOB Zoning Diagram,Accepted
Q00538221-S1,,,43-29,MURRAY STREET,QUEENS,5412,15,4122136,Herewith with filing ST/FO/EA work types conjunction with Q00538221.,Standard Plan Examination or Review,a4c06ece-ad05-ec11-a40c-005056b0dd10,18,Adjoining Owners Notification,Adjoining Owners Notification,http://bscan-broker.csc.nycnet:18080/dctm-rest/repositories/bscan_prod_rep/documents/0900303984a993fd,,FILTERED,,HAS ZONING DOCUMENTS,2021-08-25,Supporting Documents,Adjoining Owners Notification,Accepted
Q00538221-S1,,,43-29,MURRAY STREET,QUEENS,5412,15,4122136,Herewith with filing ST/FO/EA work types conjunction with Q00538221.,Standard Plan Examination or Review,a4c06ece-ad05-ec11-a40c-005056b0dd10,18,Other 2 Documents - Prior to Approval,Other 2 Documents - Prior to Approval,http://bscan-broker.csc.nycnet:18080/dctm-rest/repositories/bscan_prod_rep/documents/09003039846073e6,,FILTERED,,HAS ZONING DOCUMENTS,2021-10-05,Supporting Documents,Other 2 Documents - Prior to Approval,Accepted
Q00538221-S1,,,43-29,MURRAY STREET,QUEENS,5412,15,4122136,Herewith with filing ST/FO/EA work types conjunction with Q00538221.,Standard Plan Examination or Review,a4c06ece-ad05-ec11-a40c-005056b0dd10,18,Other 1 Documents - Prior to Approval,Other 1 Documents - Prior to Approval,http://bscan-broker.csc.nycnet:18080/dctm-rest/repositories/bscan_prod_rep/documents/09003039846073f0,,FILTERED,,HAS ZONING DOCUMENTS,2021-10-05,Supporting Documents,Other 1 Documents - Prior to Approval,Accepted
B01242027-I1,,,236,KANE STREET,BROOKLYN,326,28,3336006,"Removal & replacement of deteriorated stucco, efflorescence cleaning & coating of stucco surfaces at street facade and tower returns as per drawings. No change in use, egress or occupancy is involved under this application.",Standard Plan Examination or Review,70f07fe3-e24a-f011-a483-005056b0fc6c,22,Proof of Historic Building,Proof of Historic Building,http://bscan-broker.csc.nycnet:18080/dctm-rest/repositories/bscan_prod_rep/documents/090030398774c4b8,,FILTERED,,NO ZONING DOCUMENTS,2025-06-16,Supporting Documents,Proof of Historic Building,Accepted
B01242027-I1,,,236,KANE STREET,BROOKLYN,326,28,3336006,"Removal & replacement of deteriorated stucco, efflorescence cleaning & coating of stucco surfaces at street facade and tower returns as per drawings. No change in use, egress or occupancy is involved under this application.",Standard Plan Examination or Review,70f07fe3-e24a-f011-a483-005056b0fc6c,22,Fee Exempt Supporting Document - DOF Property Tax Assessment Roll,Fee Exempt Supporting Document - DOF Property Tax Assessment Roll,http://bscan-broker.csc.nycnet:18080/dctm-rest/repositories/bscan_prod_rep/documents/090030398774c4bb,,FILTERED,,NO ZONING DOCUMENTS,2025-06-16,Supporting Documents,Fee Exempt Supporting Document - DOF ACRIS report or BIB letter,Accepted
B01242027-I1,,,236,KANE STREET,BROOKLYN,326,28,3336006,"Removal & replacement of deteriorated stucco, efflorescence cleaning & coating of stucco surfaces at street facade and tower returns as per drawings. No change in use, egress or occupancy is involved under this application.",Standard Plan Examination or Review,70f07fe3-e24a-f011-a483-005056b0fc6c,22,Landmark Approval,Landmark Approval,http://bscan-broker.csc.nycnet:18080/dctm-rest/repositories/bscan_prod_rep/objects/09003039878ca8f8,,FILTERED,,NO ZONING DOCUMENTS,2025-06-16,Supporting Documents,Landmark Approval,Accepted
B01242027-I1,,,236,KANE STREET,BROOKLYN,326,28,3336006,"Removal & replacement of deteriorated stucco, efflorescence cleaning & coating of stucco surfaces at street facade and tower returns as per drawings. No change in use, egress or occupancy is involved under this application.",Standard Plan Examination or Review,70f07fe3-e24a-f011-a483-005056b0fc6c,22,DEP ACP-5: Asbestos Assessment Report,DEP ACP-5: Asbestos Assessment Report,http://bscan-broker.csc.nycnet:18080/dctm-rest/repositories/bscan_prod_rep/documents/090030398774c4d0,,FILTERED,,NO ZONING DOCUMENTS,2025-06-16,Supporting Documents,DEP ACP-5: Asbestos Assessment Report,Accepted
B01242027-I1,,,236,KANE STREET,BROOKLYN,326,28,3336006,"Removal & replacement of deteriorated stucco, efflorescence cleaning & coating of stucco surfaces at street facade and tower returns as per drawings. No change in use, egress or occupancy is involved under this application.",Standard Plan Examination or Review,70f07fe3-e24a-f011-a483-005056b0fc6c,22,Other Documents  - AI-1 StructStability Waiver Request,Other Documents  - AI-1 StructStability Waiver Request,http://bscan-broker.csc.nycnet:18080/dctm-rest/repositories/bscan_prod_rep/documents/090030398784ee18,,FILTERED,,NO ZONING DOCUMENTS,2025-09-11,Supporting Documents,Other Documents - Prior to Approval,Accepted
,,,,,,3526,20,2021536,,,,,,,,,AKAMAI_BLOCKED,,,,,,
X08004456-P1,,,524,UNDERHILL AVENUE,BRONX,3526,20,2021536,THIS APPLICATION IS FILED TO LEGALIZE EXISTING SHED AND REMOVE VIOLATION: #039063360P,Standard Plan Examination or Review,75ad6faa-187f-ee11-a42f-005056b04135,6,Other Documents  - CONTEGO MATERIAL,Other Documents  - CONTEGO MATERIAL,http://bscan-broker.csc.nycnet:18080/dctm-rest/repositories/bscan_prod_rep/documents/09003039858b92a2,,FILTERED,,NO ZONING DOCUMENTS,2023-11-09,Supporting Documents,Other Documents - Prior to Approval,Accepted
B01324244-I1,,,9609,KINGS HIGHWAY,BROOKLYN,4651,1,3430292,"Installation of a new 1,984 SF canopy over dispenser islands.",Professional Certification,8b301670-84c9-f011-a4db-005056b09d5b,,,,,,AKAMAI_BLOCKED,,BLOCKED,,,,
B01324244-I1,,,9609,KINGS HIGHWAY,BROOKLYN,4651,1,3430292,"Installation of a new 1,984 SF canopy over dispenser islands.",Professional Certification,8b301670-84c9-f011-a4db-005056b09d5b,6,,,,,NO DOCUMENTS,,NO ZONING DOCUMENTS,,,,
Q00922636-P4,,,2124,43 STREET,QUEENS,785,43,4015069,"Subsequent Filing of work type Mechanical, GC & Structural in conjunction with application Alt1 #Q00922636-I1",Professional Certification,a3d45011-da0d-f011-a477-005056b04135,6,Street Tree Checklist,Street Tree Checklist,http://bscan-broker.csc.nycnet:18080/dctm-rest/repositories/bscan_prod_rep/documents/09003039864b8140,,FILTERED,,NO ZONING DOCUMENTS,2025-03-30,Supporting Documents,Street Tree Checklist,Accepted
,,,,,,5427,2,2076660,,,,,,,,,AKAMAI_BLOCKED,,,,,,
,,,,,,5427,2,2076660,,,,,,,,,AKAMAI_BLOCKED,,,,,,
,,,,,,5427,2,2076660,,,,,,,,,BLOCKED_PERMANENT,,,,,,
,,,,,,4294,34,2048870,,,,,,,,,AKAMAI_BLOCKED,,,,,,
,,,,,,4294,34,2048870,,,,,,,,,AKAMAI_BLOCKED,,,,,,
